ID,Title,Director,Writer,Original Air Date,Rating,url,Turk:,Dr. Cox:,Dr. Kelso:,J.D.:,Elliot:,Janitor:,Carla:,Todd:,Ted:,Nurse Roberts:,Jordan:,Doug:,Keith:,Dr. Wen:,Dr. Mickhead:,Lloyd:,Lonnie:,Crispin:,Randall:,Roy:,Leonard:,Snoop Dogg Intern:,Sean:,Danni:,Gloria:,Lisa:
1_1,My First Day,Adam Bernstein,Bill Lawrence,10/2/2001,8.6,https://scrubs.fandom.com/wiki/My_First_Day_transcript,20,42,24,77,19,5,22,5,0,4,0,0,0,0,0,0,0,0,0,0,0,0,0,0,0,0
1_2,My Mentor,Adam Bernstein,Bill Lawrence,10/4/2001,8.2,https://scrubs.fandom.com/wiki/My_Mentor_transcript,27,44,8,61,30,8,18,5,0,1,0,3,0,0,0,0,0,0,0,0,0,0,0,0,0,0
1_3,My Best Friend's Mistake,Adam Bernstein,Eric Weinberg,10/9/2001,8.1,https://scrubs.fandom.com/wiki/My_Best_Friend%27s_Mistake_transcript,32,16,18,68,37,7,15,5,0,5,0,0,0,3,0,0,0,0,0,0,0,0,0,0,0,0
1_4,My Old Lady,Marc Buckland,Matt Tarses,10/16/2001,9.2,https://scrubs.fandom.com/wiki/My_Old_Lady_transcript,36,11,12,65,40,0,30,0,0,0,0,0,0,4,0,0,0,0,0,0,0,0,0,0,0,0
1_5,My Two Dads,Craig Zisk,Neil Goldman & Garrett Donovan,10/23/2001,8.3,https://scrubs.fandom.com/wiki/My_Two_Dads_transcript,35,36,37,57,26,8,23,3,0,4,0,0,0,0,0,0,0,0,0,0,0,0,0,0,0,0
1_6,My Bad,Marc Buckland,Gabrielle Allan,10/30/2001,8.3,https://scrubs.fandom.com/wiki/My_Bad_transcript,31,37,18,48,33,4,34,0,0,0,33,0,0,0,0,0,0,0,0,0,0,0,0,0,0,0
1_7,My Super Ego,other,Mike Schwartz,11/6/2001,8.2,https://scrubs.fandom.com/wiki/My_Super_Ego_transcript,30,46,14,46,24,5,23,10,0,7,0,2,0,11,0,0,0,0,0,0,0,0,0,0,0,0
1_8,My Fifteen Minutes,Lawrence Trilling,Eric Weinberg,11/15/2001,8.3,https://scrubs.fandom.com/wiki/My_Fifteen_Minutes_transcript,41,31,10,69,28,10,28,0,0,9,0,0,0,0,0,0,0,0,0,0,0,0,0,0,0,0
1_9,My Day Off,other,Janae Bakken,11/20/2001,8.2,https://scrubs.fandom.com/wiki/My_Day_Off_transcript,40,35,18,60,41,4,18,0,0,0,0,0,0,3,0,0,0,0,0,0,0,0,0,0,0,0
1_10,My Nickname,other,Bill Lawrence,11/27/2001,8.2,https://scrubs.fandom.com/wiki/My_Nickname_transcript,37,45,10,70,32,10,37,10,0,0,0,0,0,0,0,0,0,0,0,0,0,0,0,0,0,0
1_11,My Own Personal Jesus,other,Debra Fordham,12/11/2001,8,https://scrubs.fandom.com/wiki/My_Own_Personal_Jesus_transcript,41,29,7,49,20,2,25,0,0,5,18,0,0,0,0,0,0,0,0,0,0,0,0,0,0,0
1_12,My Blind Date,Marc Buckland,Mark Stegemann,1/8/2002,8.2,https://scrubs.fandom.com/wiki/My_Blind_Date_transcript,26,43,12,56,34,8,31,0,0,6,0,5,0,0,0,0,0,0,0,0,0,0,0,0,0,0
1_13,My Balancing Act,Michael Spiller,Neil Goldman & Garrett Donovan,1/15/2002,8,https://scrubs.fandom.com/wiki/My_Balancing_Act_transcript,31,39,20,38,24,7,32,5,0,0,0,1,0,0,0,0,0,0,0,0,0,0,0,0,0,0
1_14,My Drug Buddy,Michael Spiller,Matt Tarses,1/22/2002,8.3,https://scrubs.fandom.com/wiki/My_Drug_Buddy_transcript,32,36,20,61,20,13,20,0,0,9,0,0,0,0,0,0,0,0,0,0,0,0,0,0,0,0
1_15,My Bed Banter & Beyond,Lawrence Trilling,Gabrielle Allan,2/5/2002,8.6,https://scrubs.fandom.com/wiki/My_Bed_Banter_%26_Beyond_transcript,22,19,3,99,77,1,17,10,0,2,0,0,0,0,0,0,0,0,0,0,0,0,0,0,0,0
1_16,My Heavy Meddle,Will Mackenzie,Mike Schwartz,2/26/2002,8,https://scrubs.fandom.com/wiki/My_Heavy_Meddle_transcript,34,10,6,59,33,5,31,9,13,0,0,0,0,0,0,0,0,0,0,0,0,0,0,0,0,0
1_17,My Student,other,Mark Stegemann,3/5/2002,8.1,https://scrubs.fandom.com/wiki/My_Student_transcript,37,46,13,64,33,5,23,2,0,6,0,0,0,0,0,0,0,0,0,0,0,0,0,0,0,0
1_18,My Tuscaloosa Heart,Lawrence Trilling,Janae Bakken,3/12/2002,8,https://scrubs.fandom.com/wiki/My_Tuscaloosa_Heart_transcript,32,45,13,55,38,3,30,0,0,0,20,0,0,0,0,0,0,0,0,0,0,0,0,0,0,0
1_19,My Old Man,Adam Bernstein,Matt Tarses,4/9/2002,8.2,https://scrubs.fandom.com/wiki/My_Old_Man_transcript,50,18,19,59,40,11,27,0,0,0,0,0,0,0,0,0,0,0,0,0,0,0,0,0,0,0
1_20,My Way or the Highway,Adam Bernstein,Eric Weinberg,4/16/2002,8.1,https://scrubs.fandom.com/wiki/My_Way_or_the_Highway_transcript,33,37,14,48,43,7,26,1,0,6,0,3,0,1,0,0,0,0,0,0,0,0,28,0,0,0
1_21,My Sacrificial Clam,Marc Buckland,Debra Fordham,4/30/2002,7.9,https://scrubs.fandom.com/wiki/My_Sacrificial_Clam_transcript,26,34,10,53,47,6,23,14,0,3,0,0,0,0,0,0,0,0,0,0,0,0,32,0,0,0
1_22,My Occurrence,Lawrence Trilling,Bill Lawrence,5/7/2002,9.1,https://scrubs.fandom.com/wiki/My_Occurrence_transcript,23,47,10,78,27,2,19,6,0,0,14,3,0,0,0,0,0,0,0,0,0,0,0,0,0,0
1_23,My Hero,Michael Spiller,Neil Goldman & Garrett Donovan,5/14/2002,8.9,https://scrubs.fandom.com/wiki/My_Hero_transcript,12,33,17,36,13,16,12,4,5,1,20,9,0,3,0,0,0,0,0,0,0,0,0,0,0,0
1_24,My Last Day,Michael Spiller,Gabrielle Allan & Mike Schwartz,5/21/2002,8.8,https://scrubs.fandom.com/wiki/My_Last_Day_transcript,24,42,18,40,21,9,18,7,3,5,28,0,0,3,0,0,0,0,0,0,0,0,0,0,0,0
2_1,My Overkill,Adam Bernstein,Bill Lawrence,9/26/2002,8.7,https://scrubs.fandom.com/wiki/My_Overkill_transcript,33,32,16,71,11,8,22,16,0,9,9,0,0,0,0,0,0,0,0,0,0,0,0,0,0,0
2_2,My Nightingale,Craig Zisk,Eric Weinberg,10/3/2002,8,https://scrubs.fandom.com/wiki/My_Nightingale_transcript,22,58,16,49,15,21,29,0,0,0,24,0,0,0,0,0,0,1,1,1,0,0,0,0,0,0
2_3,My Case Study,Michael Spiller,Gabrielle Allan,10/10/2002,8.1,https://scrubs.fandom.com/wiki/My_Case_Study_transcript,25,37,21,53,40,11,33,3,0,5,0,6,0,2,0,0,0,0,0,0,0,0,0,0,0,0
2_4,My Big Mouth,other,Mark Stegemann,10/17/2002,8,https://scrubs.fandom.com/wiki/My_Big_Mouth_transcript,29,26,8,59,32,12,43,3,0,3,0,0,0,8,0,0,0,0,0,0,0,0,0,0,0,0
2_5,My New Coat,Marc Buckland,Matt Tarses,10/24/2002,8,https://scrubs.fandom.com/wiki/My_New_Coat_transcript,33,30,14,63,20,13,20,2,0,6,0,0,0,0,0,0,0,0,0,0,0,0,0,0,0,0
2_6,My Big Brother,Michael Spiller,Tim Hobert,10/31/2002,8.1,https://scrubs.fandom.com/wiki/My_Big_Brother_transcript,45,34,12,68,21,11,20,0,0,1,0,3,0,1,0,0,0,0,0,0,0,0,0,0,0,0
2_7,My First Step,Lawrence Trilling,Mike Schwartz,11/7/2002,8.1,https://scrubs.fandom.com/wiki/My_First_Step_transcript,29,40,20,64,30,9,36,12,0,0,0,0,0,0,0,0,0,0,0,0,0,0,0,0,0,0
2_8,My Fruit Cups,Ken Whittingham,Janae Bakken,11/14/2002,8.3,https://scrubs.fandom.com/wiki/My_Fruit_Cups_transcript,34,39,6,51,26,14,21,0,0,8,21,0,0,0,0,0,0,0,0,0,0,0,0,0,0,0
2_9,My Lucky Day,Lawrence Trilling,Debra Fordham,12/5/2002,8.2,https://scrubs.fandom.com/wiki/My_Lucky_Day_transcript,27,43,12,63,29,0,19,0,10,4,10,0,0,0,0,0,0,0,0,0,0,0,0,0,0,0
2_10,My Monster,Gail Mancuso,Angela Nissel,12/12/2002,8.2,https://scrubs.fandom.com/wiki/My_Monster_transcript,32,30,12,65,25,6,23,4,0,2,12,0,0,0,0,0,0,0,0,0,0,0,0,0,0,21
2_11,My Sex Buddy,Will Mackenzie,Neil Goldman & Garrett Donovan,1/2/2003,8.4,https://scrubs.fandom.com/wiki/My_Sex_Buddy_transcript,27,19,16,65,49,7,21,2,0,2,0,0,0,0,0,0,0,0,0,0,0,0,0,0,0,0
2_12,My New Old Friend,Chris Koch,Gabrielle Allan,1/9/2003,8.1,https://scrubs.fandom.com/wiki/My_New_Old_Friend_transcript,33,35,14,64,37,9,18,7,0,7,0,0,0,0,0,0,0,0,0,0,0,0,0,0,0,3
2_13,My Philosophy,Chris Koch,Bill Lawrence,1/16/2003,8.7,https://scrubs.fandom.com/wiki/My_Philosophy_transcript,52,23,18,45,13,13,33,2,0,6,0,0,0,0,0,0,0,0,0,0,0,0,0,0,0,0
2_14,"My Brother, My Keeper",Michael Spiller,Eric Weinberg,1/23/2003,8.1,"https://scrubs.fandom.com/wiki/My_Brother,_My_Keeper_transcript",37,32,18,41,11,15,11,4,0,0,11,0,0,2,0,0,0,0,0,0,0,0,0,0,0,0
2_15,His Story,Ken Whittingham,Bonnie Schneider & Hadley Davis,1/30/2003,8.8,https://scrubs.fandom.com/wiki/His_Story_transcript,43,54,13,41,30,13,28,2,0,7,0,9,0,0,0,0,0,0,0,0,0,0,0,0,0,0
2_16,My Karma,Marc Buckland,Janae Bakken & Debra Fordham,2/20/2003,8.2,https://scrubs.fandom.com/wiki/My_Karma_transcript,26,33,15,47,36,8,17,4,0,2,26,0,0,0,0,0,0,0,0,0,0,0,0,0,0,0
2_17,My Own Private Practice Guy,Marc Buckland,Angela Nissel & Mark Stegemann,3/27/2003,8.1,https://scrubs.fandom.com/wiki/My_Own_Private_Practice_Guy_transcript,19,36,13,68,24,14,21,8,0,6,6,0,0,0,0,0,0,0,0,0,0,0,0,0,0,0
2_18,My T.C.W.,Adam Bernstein,Bill Lawrence,4/10/2003,8.6,https://scrubs.fandom.com/wiki/My_T.C.W._transcript,29,20,10,79,21,8,16,0,0,6,5,0,0,0,0,0,0,0,0,0,0,0,0,0,0,0
2_19,My Kingdom,Michael Spiller,April Pesa,4/17/2003,8.1,https://scrubs.fandom.com/wiki/My_Kingdom_transcript,32,21,18,68,36,12,9,10,1,2,0,4,0,1,0,0,0,0,0,0,0,0,0,0,0,0
2_20,My Interpretation,Will Mackenzie,Mike Schwartz,4/3/2003,8.4,https://scrubs.fandom.com/wiki/My_Interpretation_transcript,23,28,4,55,30,11,15,3,0,9,19,0,0,0,0,0,0,0,0,0,0,0,0,0,0,0
2_21,My Drama Queen,Michael Spiller,Will Berson,4/10/2003,8.1,https://scrubs.fandom.com/wiki/My_Drama_Queen_transcript,27,27,8,69,26,19,24,4,0,7,0,3,0,0,0,0,0,0,0,0,0,0,0,0,0,0
2_22,My Dream Job,Bill Lawrence,Tim Hobert & Matt Tarses,4/17/2003,8.7,https://scrubs.fandom.com/wiki/My_Dream_Job_transcript,22,32,22,55,13,12,11,4,1,1,16,3,0,0,0,0,0,0,0,0,0,0,0,0,0,0
3_1,My Own American Girl,Bill Lawrence,Bill Lawrence,10/2/2003,8.2,https://scrubs.fandom.com/wiki/My_Own_American_Girl_transcript,23,24,14,38,29,7,24,0,0,2,3,0,0,0,0,0,0,0,0,0,0,0,11,0,0,0
3_2,My Journey,Michael Spiller,Tim Hobert,10/9/2003,8,https://scrubs.fandom.com/wiki/My_Journey_transcript,27,27,3,40,31,12,27,6,0,4,0,0,0,0,0,0,0,0,0,0,0,0,19,0,0,0
3_3,My White Whale,Michael Spiller,Eric Weinberg,10/23/2003,8.1,https://scrubs.fandom.com/wiki/My_White_Whale_transcript,12,32,14,40,33,9,8,0,0,0,18,3,0,0,0,0,0,0,0,0,0,0,31,0,0,0
3_4,My Lucky Night,John Inwood,Neil Goldman & Garrett Donovan,10/30/2003,8.2,https://scrubs.fandom.com/wiki/My_Lucky_Night_transcript,35,33,9,42,34,16,34,5,0,2,11,0,0,6,0,0,0,0,0,0,0,0,28,0,0,0
3_5,"My Brother, Where Art Thou?",Marc Buckland,Mike Schwartz,11/6/2003,8.3,"https://scrubs.fandom.com/wiki/My_Brother,_Where_Art_Thou%3F_transcript",18,26,17,55,26,4,21,0,0,0,0,0,0,0,0,0,0,0,0,0,0,0,0,0,0,0
3_6,My Advice to You,Gail Mancuso,Debra Fordham,11/13/2003,8.1,https://scrubs.fandom.com/wiki/My_Advice_to_You_transcript,28,26,14,52,20,2,30,2,0,0,4,5,0,0,0,0,0,0,0,0,0,0,0,24,0,0
3_7,My Fifteen Seconds,Ken Whittingham,Mark Stegemann,11/20/2003,8.6,https://scrubs.fandom.com/wiki/My_Fifteen_Seconds_transcript,11,47,8,64,17,7,19,4,0,0,11,0,0,0,0,0,0,0,0,0,0,0,0,22,0,0
3_8,My Friend the Doctor,Ken Whittingham,Gabrielle Allan,12/4/2003,8.4,https://scrubs.fandom.com/wiki/My_Friend_the_Doctor_transcript,33,28,5,51,25,17,28,6,0,1,9,4,0,1,0,0,0,0,0,0,0,0,0,4,0,0
3_9,My Dirty Secret,Chris Koch,Matt Tarses,12/11/2003,8.1,https://scrubs.fandom.com/wiki/My_Dirty_Secret_transcript,30,21,8,55,25,14,24,0,0,3,6,4,0,0,0,0,0,0,0,0,0,0,7,0,0,0
3_10,My Rule of Thumb,Craig Zisk,Janae Bakken,1/22/2004,8,https://scrubs.fandom.com/wiki/My_Rule_of_Thumb_transcript,37,36,9,24,27,1,25,7,0,2,1,0,0,0,0,0,0,0,1,0,0,0,0,10,0,0
3_11,My Clean Break,Chris Koch,Angela Nissel,2/3/2004,8,https://scrubs.fandom.com/wiki/My_Clean_Break_transcript,27,28,4,75,22,4,16,9,0,4,6,6,0,0,0,0,0,0,0,0,0,0,0,15,0,0
3_12,My Catalyst,Michael Spiller,Bill Lawrence,2/10/2004,9,https://scrubs.fandom.com/wiki/My_Catalyst_transcript,34,45,15,66,11,15,23,8,0,3,4,4,0,8,0,0,0,0,6,0,0,0,0,0,0,0
3_13,My Porcelain God,Adam Bernstein,Tim Hobert & Eric Weinberg,2/17/2004,8.8,https://scrubs.fandom.com/wiki/My_Porcelain_God_transcript,41,29,20,71,37,17,21,4,0,3,0,0,0,0,0,0,0,0,0,0,0,1,0,0,0,0
3_14,My Screw Up,Chris Koch,Neil Goldman & Garrett Donovan,2/24/2004,9.7,https://scrubs.fandom.com/wiki/My_Screw_Up_transcript,24,0,0,49,22,2,24,0,8,0,5,0,0,0,0,0,0,0,0,0,1,0,0,2,0,0
3_15,My Tormented Mentor,Craig Zisk,Gabrielle Allan,3/2/2004,8.2,https://scrubs.fandom.com/wiki/My_Tormented_Mentor_transcript,31,38,15,32,15,2,14,16,0,3,19,0,0,0,0,0,0,0,0,0,0,0,0,0,0,0
3_16,My Butterfly,other,Justin Spitzer,3/16/2004,8.9,https://scrubs.fandom.com/wiki/My_Butterfly_transcript,34,32,10,59,23,24,27,4,0,3,0,0,0,3,2,0,0,0,3,0,0,0,0,0,0,0
3_17,My Moment of Un-Truth,Gail Mancuso,Rich Eustis,3/30/2004,8.2,https://scrubs.fandom.com/wiki/My_Moment_of_Un-Truth_transcript,37,19,8,54,32,18,46,0,0,4,0,0,0,0,0,0,0,0,0,0,0,0,0,0,0,0
3_18,His Story II,other,Mark Stegemann,4/6/2004,8.2,https://scrubs.fandom.com/wiki/His_Story_II_transcript,30,24,13,43,26,3,26,1,0,3,0,0,0,0,0,0,5,0,0,0,0,0,4,0,0,0
3_19,My Choosiest Choice of All,Adam Bernstein,Mike Schwartz,4/20/2004,8.3,https://scrubs.fandom.com/wiki/My_Choosiest_Choice_of_All_transcript,27,27,5,56,15,17,29,0,0,1,10,0,0,0,0,0,0,0,0,0,0,0,14,19,0,0
3_20,My Fault,other,Debra Fordham,4/22/2004,8.5,https://scrubs.fandom.com/wiki/My_Fault_transcript,52,32,15,50,19,9,26,8,0,2,0,0,0,0,0,0,0,0,0,0,0,0,11,16,0,0
3_21,My Self-Examination,other,Janae Bakken,4/27/2004,8.3,https://scrubs.fandom.com/wiki/My_Self-Examination_transcript,46,34,5,60,32,14,34,0,0,0,15,0,0,0,0,0,0,0,3,0,0,0,0,5,0,0
3_22,My Best Friend's Wedding,Bill Lawrence,Tim Hobert & Eric Weinberg,5/4/2004,8.6,https://scrubs.fandom.com/wiki/My_Best_Friend%27s_Wedding_transcript,52,13,8,64,30,7,43,6,8,2,11,3,0,0,0,0,0,0,0,0,0,0,15,10,0,0
4_1,My Old Friend's New Friend,Bill Lawrence,Eric Weinberg,8/31/2004,8.6,https://scrubs.fandom.com/wiki/My_Old_Friend%27s_New_Friend_transcript,35,28,5,90,28,13,35,0,0,0,2,0,0,0,0,0,0,0,0,0,0,0,0,0,0,0
4_2,My Office,Gail Mancuso,Matt Tarses,9/7/2004,8.4,https://scrubs.fandom.com/wiki/My_Office_transcript,26,42,13,56,30,16,22,7,0,6,0,9,0,0,1,0,0,0,0,0,0,0,0,0,0,0
4_3,My New Game,Ken Whittingham,Gabrielle Allan,9/14/2004,8.2,https://scrubs.fandom.com/wiki/My_New_Game_transcript,47,47,7,71,9,11,13,7,0,0,15,0,0,0,0,0,4,0,2,0,0,0,0,0,0,0
4_4,My First Kill,Ken Whittingham,Tad Quill,9/21/2004,8.2,https://scrubs.fandom.com/wiki/My_First_Kill_transcript,17,19,5,48,46,18,25,4,0,2,0,6,0,0,0,0,0,0,0,0,0,0,0,0,0,0
4_5,Her Story,John Inwood,Angela Nissel,9/28/2004,8.2,https://scrubs.fandom.com/wiki/Her_Story_transcript,30,32,9,58,40,2,23,5,0,0,0,0,0,0,0,0,3,0,0,0,0,0,0,0,0,0
4_6,My Cake,other,Neil Goldman & Garrett Donovan,10/12/2004,8.9,https://scrubs.fandom.com/wiki/My_Cake_transcript,42,39,13,50,12,8,25,0,11,0,0,0,0,0,0,0,0,0,0,0,0,0,0,0,0,0
4_7,My Common Enemy,other,Bill Callahan,10/19/2004,8.1,https://scrubs.fandom.com/wiki/My_Common_Enemy_transcript,39,29,42,56,13,2,19,0,3,0,0,0,0,0,0,0,0,0,0,0,0,0,0,0,0,0
4_8,My Last Chance,other,Mike Schwartz,10/26/2004,8.8,https://scrubs.fandom.com/wiki/My_Last_Chance_transcript,26,26,3,64,24,4,8,2,0,0,5,5,0,0,0,0,0,0,0,0,0,0,0,0,0,0
4_9,My Malpractical Decision,Gail Mancuso,Janae Bakken,11/9/2004,8.3,https://scrubs.fandom.com/wiki/My_Malpractical_Decision_transcript,28,23,6,51,23,6,14,0,1,0,0,26,0,0,0,0,0,0,0,0,0,0,0,0,0,0
4_10,My Female Trouble,Chris Koch,Debra Fordham,11/16/2004,8.4,https://scrubs.fandom.com/wiki/My_Female_Trouble_transcript,19,0,0,58,33,6,24,2,3,0,14,0,0,0,0,0,0,0,0,0,0,0,0,0,0,0
4_11,My Unicorn,other,Gabrielle Allan & Tad Quill,11/23/2004,8.5,https://scrubs.fandom.com/wiki/My_Unicorn_transcript,22,20,2,67,30,9,27,0,0,0,12,0,0,0,0,0,0,0,0,0,0,0,0,0,0,0
4_12,My Best Moment,Chris Koch,Angela Nissel,12/7/2004,8.7,https://scrubs.fandom.com/wiki/My_Best_Moment_transcript,33,33,12,52,30,2,25,5,0,3,0,0,0,2,2,0,0,0,0,0,0,0,0,0,0,0
4_13,My Ocardial Infarction,Ken Whittingham,Mark Stegemann,1/18/2005,8.1,https://scrubs.fandom.com/wiki/My_Ocardial_Infarction_transcript,19,13,2,74,43,18,16,4,1,9,0,3,0,0,0,0,3,0,1,0,0,0,0,0,0,0
4_14,My Lucky Charm,Chris Koch,Mike Schwartz,1/25/2005,8.4,https://scrubs.fandom.com/wiki/My_Lucky_Charm_transcript,34,34,5,53,25,10,36,5,0,4,23,0,0,0,0,0,0,0,0,0,0,0,0,0,0,0
4_15,My Hypocritical Oath,Craig Zisk,Tim Hobert,2/1/2005,8.2,https://scrubs.fandom.com/wiki/My_Hypocritical_Oath_transcript,26,29,20,60,20,18,17,4,2,0,0,0,0,0,0,0,0,0,0,0,0,0,0,0,0,0
4_16,My Quarantine,Michael Spiller,Tad Quill,2/8/2005,8.2,https://scrubs.fandom.com/wiki/My_Quarantine_transcript,24,24,11,65,17,10,27,4,6,7,1,6,0,0,1,0,3,0,0,0,0,0,0,15,0,0
4_17,My Life in Four Cameras,Adam Bernstein,Debra Fordham,2/15/2005,8.5,https://scrubs.fandom.com/wiki/My_Life_in_Four_Cameras_transcript,31,36,12,50,26,10,28,0,0,0,12,0,0,0,0,0,0,0,0,0,0,0,0,0,0,0
4_18,My Roommates,Craig Zisk,Tim Hobert,2/22/2005,8.4,https://scrubs.fandom.com/wiki/My_Roommates_transcript,26,47,0,52,15,5,26,4,1,0,16,0,0,0,0,0,4,0,0,0,0,0,0,0,0,0
4_19,My Best Laid Plans,other,Bill Callahan,3/1/2005,8.6,https://scrubs.fandom.com/wiki/My_Best_Laid_Plans_transcript,29,9,0,66,27,25,22,2,5,0,0,1,0,0,0,0,0,0,2,0,0,0,0,0,0,0
4_20,My Boss's Free Haircut,John Inwood,Mark Stegemann,3/29/2005,8.5,https://scrubs.fandom.com/wiki/My_Boss%27s_Free_Haircut_transcript,33,21,34,36,38,1,26,0,0,0,0,0,0,0,0,0,0,0,0,0,0,0,0,0,0,0
4_21,My Lips Are Sealed,other,Janae Bakken,4/5/2005,8.2,https://scrubs.fandom.com/wiki/My_Lips_Are_Sealed_transcript,27,0,0,67,26,8,32,2,6,0,14,0,0,0,0,0,0,0,0,0,0,0,0,0,0,0
4_22,My Big Move,other,Bonnie Sikowitz,4/12/2005,8.4,https://scrubs.fandom.com/wiki/My_Big_Move_transcript,26,37,10,35,22,28,27,5,6,0,7,0,0,0,0,0,0,0,0,0,0,0,0,0,0,0
4_23,My Faith in Humanity,Ken Whittingham,David Feinberg,4/19/2005,8.1,https://scrubs.fandom.com/wiki/My_Faith_in_Humanity_transcript,26,24,6,65,41,12,14,5,5,0,0,0,0,0,0,0,0,0,0,0,0,0,0,0,0,0
4_24,My Drive-By,Will Mackenzie,Angela Nissel,4/26/2005,8.1,https://scrubs.fandom.com/wiki/My_Drive-By_transcript,33,35,21,28,33,19,12,2,1,0,2,5,0,0,0,0,1,0,0,0,0,0,0,0,0,0
4_25,My Changing Ways,other,Bill Lawrence,5/10/2005,8.2,https://scrubs.fandom.com/wiki/My_Changing_Ways_transcript,39,16,11,52,20,10,15,4,5,1,17,0,0,0,0,0,2,0,0,0,0,0,0,0,0,0
5_1,My Intern's Eyes,Bill Lawrence,Bill Lawrence,1/3/2006,8.2,https://scrubs.fandom.com/wiki/My_Intern%27s_Eyes_transcript,35,24,14,76,24,9,30,3,3,0,1,0,5,0,0,0,0,0,0,0,0,0,0,0,0,0
5_2,My Rite of Passage,Bill Lawrence,Janae Bakken,1/3/2006,8.1,https://scrubs.fandom.com/wiki/My_Rite_of_Passage_transcript,40,23,11,62,31,10,29,2,1,0,24,0,6,0,1,0,0,0,0,0,0,0,0,0,2,1
5_3,My Day at the Races,Michael Spiller,Eric Weinberg,1/10/2006,8.3,https://scrubs.fandom.com/wiki/My_Day_at_the_Races_transcript,47,19,9,56,51,1,38,6,3,0,3,5,0,2,0,0,0,0,0,0,0,0,0,0,0,0
5_4,My Jiggly Ball,other,Tim Hobert,1/10/2006,8.6,https://scrubs.fandom.com/wiki/My_Jiggly_Ball_transcript,27,30,23,71,31,13,24,0,4,0,0,0,7,0,0,0,0,0,0,0,0,0,0,0,0,0
5_5,My New God,other,Aseem Batra,1/17/2006,8.2,https://scrubs.fandom.com/wiki/My_New_God_transcript,36,47,3,47,16,16,20,0,0,0,9,1,0,0,0,0,0,0,0,0,0,0,0,0,0,0
5_6,My Missed Perception,Bill Lawrence,Kevin Biegel,1/17/2006,8.1,https://scrubs.fandom.com/wiki/My_Missed_Perception_transcript,27,21,17,66,19,14,23,2,0,0,0,0,2,0,0,0,0,0,0,0,0,0,0,0,0,1
5_7,My Way Home,other,Neil Goldman & Garrett Donovan,1/24/2006,9.2,https://scrubs.fandom.com/wiki/My_Way_Home_transcript,32,22,15,35,16,10,24,3,6,0,7,2,2,0,0,0,0,0,0,0,0,0,0,0,0,0
5_8,My Big Bird,other,Debra Fordham,1/24/2006,8.4,https://scrubs.fandom.com/wiki/My_Big_Bird_transcript,29,18,18,59,28,8,28,0,8,0,4,5,4,0,0,0,0,0,0,0,0,0,0,0,0,0
5_9,My Half-Acre,other,Bill Callahan,2/7/2006,8.8,https://scrubs.fandom.com/wiki/My_Half-Acre_transcript,11,26,7,41,23,17,17,6,2,0,10,0,0,0,0,6,5,0,0,0,0,0,0,0,0,0
5_10,Her Story II,Chris Koch,Mike Schwartz,2/7/2006,8.5,https://scrubs.fandom.com/wiki/Her_Story_II_transcript,38,14,8,65,20,7,37,0,0,0,5,0,0,0,4,0,0,0,0,0,0,0,0,0,0,0
5_11,My Buddy's Booty,other,Mark Stegemann,2/28/2006,8.1,https://scrubs.fandom.com/wiki/My_Buddy%27s_Booty_transcript,25,39,8,52,26,31,11,3,0,0,4,4,13,0,0,0,0,0,0,0,0,0,0,0,0,0
5_12,My Cabbage,John Inwood,Ryan A. Levin,2/28/2006,8.4,https://scrubs.fandom.com/wiki/My_Cabbage_transcript,35,29,17,63,23,13,22,3,0,0,0,0,11,0,1,0,0,0,0,0,0,0,0,0,0,0
5_13,My Five Stages,other,Tad Quill,3/7/2006,8.6,https://scrubs.fandom.com/wiki/My_Five_Stages_transcript,14,34,12,34,20,13,15,0,21,0,0,0,11,0,0,0,0,0,0,0,0,0,0,0,0,0
5_14,My Own Personal Hell,Adam Bernstein,Eren Celeboglu,3/14/2006,8.1,https://scrubs.fandom.com/wiki/My_Own_Personal_Hell_transcript,42,36,12,41,33,11,28,0,0,0,11,0,11,0,0,0,3,0,0,0,0,0,0,0,1,5
5_15,My Extra Mile,Ken Whittingham,Mark Stegemann,3/21/2006,8.4,https://scrubs.fandom.com/wiki/My_Extra_Mile_transcript,33,25,11,53,11,15,34,2,0,0,0,2,3,3,0,0,0,0,0,0,0,0,0,0,0,0
5_16,My Bright Idea,Michael Spiller,Janae Bakken,3/28/2006,8.6,https://scrubs.fandom.com/wiki/My_Bright_Idea_transcript,58,28,8,61,35,16,32,1,0,0,0,0,5,0,0,0,0,0,0,0,0,0,0,0,1,0
5_17,My Chopped Liver,Will Mackenzie,Debra Fordham,4/4/2006,8.2,https://scrubs.fandom.com/wiki/My_Chopped_Liver_transcript,35,32,12,53,22,14,40,6,4,0,22,0,5,2,1,0,0,0,0,0,0,0,0,0,1,0
5_18,My New Suit,other,Tim Hobert,4/11/2006,8.1,https://scrubs.fandom.com/wiki/My_New_Suit_transcript,41,21,14,60,22,5,38,0,12,0,8,2,8,0,0,0,1,0,0,0,0,0,0,0,0,0
5_19,His Story III,John Inwood,Angela Nissel,4/18/2006,8.8,https://scrubs.fandom.com/wiki/His_Story_III_transcript,29,28,10,19,27,26,40,1,0,0,0,0,11,0,0,0,2,0,0,0,0,0,0,0,0,2
5_20,My Lunch,other,Tad Quill,4/25/2006,9.6,https://scrubs.fandom.com/wiki/My_Lunch_transcript,20,54,5,53,26,10,26,28,0,0,0,0,0,0,0,0,0,0,0,0,0,0,0,0,2,6
5_21,My Fallen Idol,other,Bill Callahan,5/2/2006,9.3,https://scrubs.fandom.com/wiki/My_Fallen_Idol_transcript,40,4,8,42,13,8,18,6,1,0,9,0,6,0,0,0,0,0,0,0,1,0,0,0,1,1
5_22,"My Daja vu, My Daja vu",other,Mike Schwartz,5/9/2006,8.1,"https://scrubs.fandom.com/wiki/My_D%C3%A9j%C3%A0_vu,_My_D%C3%A9j%C3%A0_vu_transcript",26,36,7,42,35,15,25,2,0,0,0,0,0,0,0,0,1,0,0,0,1,0,0,0,0,0
5_23,My Urologist,other,Neil Goldman & Garrett Donovan,5/16/2006,8.3,https://scrubs.fandom.com/wiki/My_Urologist_transcript,29,14,23,51,17,21,21,3,0,0,3,0,6,0,0,0,0,0,0,0,0,0,0,0,1,2
5_24,My Transition,Bill Lawrence,Aseem Batra & Kevin Biegel,5/16/2006,8.7,https://scrubs.fandom.com/wiki/My_Transition_transcript,19,31,5,58,26,4,21,2,4,0,18,1,3,0,0,0,0,1,0,0,0,0,0,0,2,1
