web-scraper-order,web-scraper-start-url,page,page-href,episode,title,number of ratings
"1544663761-664","https://www.imdb.com/title/tt0386676/?ref_=ttep_ep_tt","5","https://www.imdb.com/title/tt0386676/episodes?season=5&ref_=tt_eps_sn_5","S5, Ep18","New Boss","(1,637)"
"1544663766-714","https://www.imdb.com/title/tt0386676/?ref_=ttep_ep_tt","7","https://www.imdb.com/title/tt0386676/episodes?season=7&ref_=tt_eps_sn_7","S7, Ep16","Threat Level Midnight","(3,012)"
"1544663754-605","https://www.imdb.com/title/tt0386676/?ref_=ttep_ep_tt","2","https://www.imdb.com/title/tt0386676/episodes?season=2&ref_=tt_eps_sn_2","S2, Ep18","Take Your Daughter to Work Day","(2,106)"
"1544663754-596","https://www.imdb.com/title/tt0386676/?ref_=ttep_ep_tt","2","https://www.imdb.com/title/tt0386676/episodes?season=2&ref_=tt_eps_sn_2","S2, Ep9","E-Mail Surveillance","(2,198)"
"1544663764-697","https://www.imdb.com/title/tt0386676/?ref_=ttep_ep_tt","6","https://www.imdb.com/title/tt0386676/episodes?season=6&ref_=tt_eps_sn_6","S6, Ep25","The Chump","(1,360)"
"1544663761-663","https://www.imdb.com/title/tt0386676/?ref_=ttep_ep_tt","5","https://www.imdb.com/title/tt0386676/episodes?season=5&ref_=tt_eps_sn_5","S5, Ep17","Golden Ticket","(1,725)"
"1544663754-594","https://www.imdb.com/title/tt0386676/?ref_=ttep_ep_tt","2","https://www.imdb.com/title/tt0386676/episodes?season=2&ref_=tt_eps_sn_2","S2, Ep7","The Client","(2,282)"
"1544663771-757","https://www.imdb.com/title/tt0386676/?ref_=ttep_ep_tt","9","https://www.imdb.com/title/tt0386676/episodes?season=9&ref_=tt_eps_sn_9","S9, Ep11","Suit Warehouse","(1,239)"
"1544663752-585","https://www.imdb.com/title/tt0386676/?ref_=ttep_ep_tt","1","https://www.imdb.com/title/tt0386676/episodes?season=1&ref_=tt_eps_sn_1","S1, Ep4","The Alliance","(2,521)"
"1544663761-670","https://www.imdb.com/title/tt0386676/?ref_=ttep_ep_tt","5","https://www.imdb.com/title/tt0386676/episodes?season=5&ref_=tt_eps_sn_5","S5, Ep24","Casual Friday","(1,605)"
"1544663766-719","https://www.imdb.com/title/tt0386676/?ref_=ttep_ep_tt","7","https://www.imdb.com/title/tt0386676/episodes?season=7&ref_=tt_eps_sn_7","S7, Ep21","Goodbye, Michael","(4,891)"
"1544663752-583","https://www.imdb.com/title/tt0386676/?ref_=ttep_ep_tt","1","https://www.imdb.com/title/tt0386676/episodes?season=1&ref_=tt_eps_sn_1","S1, Ep2","Diversity Day","(3,103)"
"1544663768-743","https://www.imdb.com/title/tt0386676/?ref_=ttep_ep_tt","8","https://www.imdb.com/title/tt0386676/episodes?season=8&ref_=tt_eps_sn_8","S8, Ep21","Angry Andy","(1,380)"
"1544663759-640","https://www.imdb.com/title/tt0386676/?ref_=ttep_ep_tt","4","https://www.imdb.com/title/tt0386676/episodes?season=4&ref_=tt_eps_sn_4","S4, Ep8","The Deposition","(1,918)"
"1544663768-725","https://www.imdb.com/title/tt0386676/?ref_=ttep_ep_tt","8","https://www.imdb.com/title/tt0386676/episodes?season=8&ref_=tt_eps_sn_8","S8, Ep3","Lotto","(1,400)"
"1544663761-651","https://www.imdb.com/title/tt0386676/?ref_=ttep_ep_tt","5","https://www.imdb.com/title/tt0386676/episodes?season=5&ref_=tt_eps_sn_5","S5, Ep5","Employee Transfer","(1,714)"
"1544663757-632","https://www.imdb.com/title/tt0386676/?ref_=ttep_ep_tt","3","https://www.imdb.com/title/tt0386676/episodes?season=3&ref_=tt_eps_sn_3","S3, Ep23","The Job","(2,669)"
"1544663766-715","https://www.imdb.com/title/tt0386676/?ref_=ttep_ep_tt","7","https://www.imdb.com/title/tt0386676/episodes?season=7&ref_=tt_eps_sn_7","S7, Ep17","Todd Packer","(1,373)"
"1544663764-693","https://www.imdb.com/title/tt0386676/?ref_=ttep_ep_tt","6","https://www.imdb.com/title/tt0386676/episodes?season=6&ref_=tt_eps_sn_6","S6, Ep21","Happy Hour","(1,621)"
"1544663768-739","https://www.imdb.com/title/tt0386676/?ref_=ttep_ep_tt","8","https://www.imdb.com/title/tt0386676/episodes?season=8&ref_=tt_eps_sn_8","S8, Ep17","Test the Store","(1,272)"
"1544663764-683","https://www.imdb.com/title/tt0386676/?ref_=ttep_ep_tt","6","https://www.imdb.com/title/tt0386676/episodes?season=6&ref_=tt_eps_sn_6","S6, Ep11","Shareholder Meeting","(1,494)"
"1544663759-635","https://www.imdb.com/title/tt0386676/?ref_=ttep_ep_tt","4","https://www.imdb.com/title/tt0386676/episodes?season=4&ref_=tt_eps_sn_4","S4, Ep3","Launch Party","(1,881)"
"1544663759-641","https://www.imdb.com/title/tt0386676/?ref_=ttep_ep_tt","4","https://www.imdb.com/title/tt0386676/episodes?season=4&ref_=tt_eps_sn_4","S4, Ep9","Dinner Party","(3,558)"
"1544663768-726","https://www.imdb.com/title/tt0386676/?ref_=ttep_ep_tt","8","https://www.imdb.com/title/tt0386676/episodes?season=8&ref_=tt_eps_sn_8","S8, Ep4","Garden Party","(1,492)"
"1544663771-761","https://www.imdb.com/title/tt0386676/?ref_=ttep_ep_tt","9","https://www.imdb.com/title/tt0386676/episodes?season=9&ref_=tt_eps_sn_9","S9, Ep15","Couples Discount","(1,211)"
"1544663766-710","https://www.imdb.com/title/tt0386676/?ref_=ttep_ep_tt","7","https://www.imdb.com/title/tt0386676/episodes?season=7&ref_=tt_eps_sn_7","S7, Ep12","Ultimatum","(1,469)"
"1544663768-730","https://www.imdb.com/title/tt0386676/?ref_=ttep_ep_tt","8","https://www.imdb.com/title/tt0386676/episodes?season=8&ref_=tt_eps_sn_8","S8, Ep8","Gettysburg","(1,381)"
"1544663771-755","https://www.imdb.com/title/tt0386676/?ref_=ttep_ep_tt","9","https://www.imdb.com/title/tt0386676/episodes?season=9&ref_=tt_eps_sn_9","S9, Ep9","Dwight Christmas","(1,398)"
"1544663759-639","https://www.imdb.com/title/tt0386676/?ref_=ttep_ep_tt","4","https://www.imdb.com/title/tt0386676/episodes?season=4&ref_=tt_eps_sn_4","S4, Ep7","Survivor Man","(1,836)"
"1544663771-747","https://www.imdb.com/title/tt0386676/?ref_=ttep_ep_tt","9","https://www.imdb.com/title/tt0386676/episodes?season=9&ref_=tt_eps_sn_9","S9, Ep1","New Guys","(1,367)"
"1544663771-764","https://www.imdb.com/title/tt0386676/?ref_=ttep_ep_tt","9","https://www.imdb.com/title/tt0386676/episodes?season=9&ref_=tt_eps_sn_9","S9, Ep18","Promos","(1,238)"
"1544663768-746","https://www.imdb.com/title/tt0386676/?ref_=ttep_ep_tt","8","https://www.imdb.com/title/tt0386676/episodes?season=8&ref_=tt_eps_sn_8","S8, Ep24","Free Family Portrait Studio","(1,266)"
"1544663761-660","https://www.imdb.com/title/tt0386676/?ref_=ttep_ep_tt","5","https://www.imdb.com/title/tt0386676/episodes?season=5&ref_=tt_eps_sn_5","S5, Ep14","Lecture Circuit: Part 1","(1,601)"
"1544663768-727","https://www.imdb.com/title/tt0386676/?ref_=ttep_ep_tt","8","https://www.imdb.com/title/tt0386676/episodes?season=8&ref_=tt_eps_sn_8","S8, Ep5","Spooked","(1,346)"
"1544663768-723","https://www.imdb.com/title/tt0386676/?ref_=ttep_ep_tt","8","https://www.imdb.com/title/tt0386676/episodes?season=8&ref_=tt_eps_sn_8","S8, Ep1","The List","(1,600)"
"1544663771-758","https://www.imdb.com/title/tt0386676/?ref_=ttep_ep_tt","9","https://www.imdb.com/title/tt0386676/episodes?season=9&ref_=tt_eps_sn_9","S9, Ep12","Customer Loyalty","(1,304)"
"1544663768-742","https://www.imdb.com/title/tt0386676/?ref_=ttep_ep_tt","8","https://www.imdb.com/title/tt0386676/episodes?season=8&ref_=tt_eps_sn_8","S8, Ep20","Welcome Party","(1,295)"
"1544663771-748","https://www.imdb.com/title/tt0386676/?ref_=ttep_ep_tt","9","https://www.imdb.com/title/tt0386676/episodes?season=9&ref_=tt_eps_sn_9","S9, Ep2","Roy's Wedding","(1,282)"
"1544663757-629","https://www.imdb.com/title/tt0386676/?ref_=ttep_ep_tt","3","https://www.imdb.com/title/tt0386676/episodes?season=3&ref_=tt_eps_sn_3","S3, Ep20","Product Recall","(2,127)"
"1544663771-756","https://www.imdb.com/title/tt0386676/?ref_=ttep_ep_tt","9","https://www.imdb.com/title/tt0386676/episodes?season=9&ref_=tt_eps_sn_9","S9, Ep10","Lice","(1,264)"
"1544663766-703","https://www.imdb.com/title/tt0386676/?ref_=ttep_ep_tt","7","https://www.imdb.com/title/tt0386676/episodes?season=7&ref_=tt_eps_sn_7","S7, Ep5","The Sting","(1,394)"
"1544663766-718","https://www.imdb.com/title/tt0386676/?ref_=ttep_ep_tt","7","https://www.imdb.com/title/tt0386676/episodes?season=7&ref_=tt_eps_sn_7","S7, Ep20","Michael's Last Dundies","(1,876)"
"1544663757-610","https://www.imdb.com/title/tt0386676/?ref_=ttep_ep_tt","3","https://www.imdb.com/title/tt0386676/episodes?season=3&ref_=tt_eps_sn_3","S3, Ep1","Gay Witch Hunt","(2,682)"
"1544663761-656","https://www.imdb.com/title/tt0386676/?ref_=ttep_ep_tt","5","https://www.imdb.com/title/tt0386676/episodes?season=5&ref_=tt_eps_sn_5","S5, Ep10","Moroccan Christmas","(1,703)"
"1544663771-765","https://www.imdb.com/title/tt0386676/?ref_=ttep_ep_tt","9","https://www.imdb.com/title/tt0386676/episodes?season=9&ref_=tt_eps_sn_9","S9, Ep19","Stairmageddon","(1,265)"
"1544663757-625","https://www.imdb.com/title/tt0386676/?ref_=ttep_ep_tt","3","https://www.imdb.com/title/tt0386676/episodes?season=3&ref_=tt_eps_sn_3","S3, Ep16","Business School","(2,299)"
"1544663761-647","https://www.imdb.com/title/tt0386676/?ref_=ttep_ep_tt","5","https://www.imdb.com/title/tt0386676/episodes?season=5&ref_=tt_eps_sn_5","S5, Ep1","Weight Loss","(2,217)"
"1544663754-588","https://www.imdb.com/title/tt0386676/?ref_=ttep_ep_tt","2","https://www.imdb.com/title/tt0386676/episodes?season=2&ref_=tt_eps_sn_2","S2, Ep1","The Dundies","(2,796)"
"1544663768-740","https://www.imdb.com/title/tt0386676/?ref_=ttep_ep_tt","8","https://www.imdb.com/title/tt0386676/episodes?season=8&ref_=tt_eps_sn_8","S8, Ep18","Last Day in Florida","(1,237)"
"1544663766-717","https://www.imdb.com/title/tt0386676/?ref_=ttep_ep_tt","7","https://www.imdb.com/title/tt0386676/episodes?season=7&ref_=tt_eps_sn_7","S7, Ep19","Training Day","(1,436)"
"1544663761-671","https://www.imdb.com/title/tt0386676/?ref_=ttep_ep_tt","5","https://www.imdb.com/title/tt0386676/episodes?season=5&ref_=tt_eps_sn_5","S5, Ep25","Cafe Disco","(1,825)"
"1544663764-694","https://www.imdb.com/title/tt0386676/?ref_=ttep_ep_tt","6","https://www.imdb.com/title/tt0386676/episodes?season=6&ref_=tt_eps_sn_6","S6, Ep22","Secretary's Day","(1,396)"
"1544663771-751","https://www.imdb.com/title/tt0386676/?ref_=ttep_ep_tt","9","https://www.imdb.com/title/tt0386676/episodes?season=9&ref_=tt_eps_sn_9","S9, Ep5","Here Comes Treble","(1,314)"
"1544663771-767","https://www.imdb.com/title/tt0386676/?ref_=ttep_ep_tt","9","https://www.imdb.com/title/tt0386676/episodes?season=9&ref_=tt_eps_sn_9","S9, Ep21","Livin' the Dream","(1,717)"
"1544663761-649","https://www.imdb.com/title/tt0386676/?ref_=ttep_ep_tt","5","https://www.imdb.com/title/tt0386676/episodes?season=5&ref_=tt_eps_sn_5","S5, Ep3","Baby Shower","(1,697)"
"1544663761-654","https://www.imdb.com/title/tt0386676/?ref_=ttep_ep_tt","5","https://www.imdb.com/title/tt0386676/episodes?season=5&ref_=tt_eps_sn_5","S5, Ep8","Frame Toby","(1,808)"
"1544663766-702","https://www.imdb.com/title/tt0386676/?ref_=ttep_ep_tt","7","https://www.imdb.com/title/tt0386676/episodes?season=7&ref_=tt_eps_sn_7","S7, Ep4","Sex Ed","(1,429)"
"1544663759-633","https://www.imdb.com/title/tt0386676/?ref_=ttep_ep_tt","4","https://www.imdb.com/title/tt0386676/episodes?season=4&ref_=tt_eps_sn_4","S4, Ep1","Fun Run","(2,496)"
"1544663771-768","https://www.imdb.com/title/tt0386676/?ref_=ttep_ep_tt","9","https://www.imdb.com/title/tt0386676/episodes?season=9&ref_=tt_eps_sn_9","S9, Ep22","A.A.R.M.","(2,419)"
"1544663764-688","https://www.imdb.com/title/tt0386676/?ref_=ttep_ep_tt","6","https://www.imdb.com/title/tt0386676/episodes?season=6&ref_=tt_eps_sn_6","S6, Ep16","Manager and Salesman","(1,444)"
"1544663754-598","https://www.imdb.com/title/tt0386676/?ref_=ttep_ep_tt","2","https://www.imdb.com/title/tt0386676/episodes?season=2&ref_=tt_eps_sn_2","S2, Ep11","Booze Cruise","(2,332)"
"1544663768-732","https://www.imdb.com/title/tt0386676/?ref_=ttep_ep_tt","8","https://www.imdb.com/title/tt0386676/episodes?season=8&ref_=tt_eps_sn_8","S8, Ep10","Christmas Wishes","(1,355)"
"1544663771-769","https://www.imdb.com/title/tt0386676/?ref_=ttep_ep_tt","9","https://www.imdb.com/title/tt0386676/episodes?season=9&ref_=tt_eps_sn_9","S9, Ep23","Finale","(6,864)"
"1544663768-737","https://www.imdb.com/title/tt0386676/?ref_=ttep_ep_tt","8","https://www.imdb.com/title/tt0386676/episodes?season=8&ref_=tt_eps_sn_8","S8, Ep15","Tallahassee","(1,317)"
"1544663759-634","https://www.imdb.com/title/tt0386676/?ref_=ttep_ep_tt","4","https://www.imdb.com/title/tt0386676/episodes?season=4&ref_=tt_eps_sn_4","S4, Ep2","Dunder Mifflin Infinity","(1,953)"
"1544663761-658","https://www.imdb.com/title/tt0386676/?ref_=ttep_ep_tt","5","https://www.imdb.com/title/tt0386676/episodes?season=5&ref_=tt_eps_sn_5","S5, Ep12","Prince Family Paper","(1,707)"
"1544663761-665","https://www.imdb.com/title/tt0386676/?ref_=ttep_ep_tt","5","https://www.imdb.com/title/tt0386676/episodes?season=5&ref_=tt_eps_sn_5","S5, Ep19","Two Weeks","(1,624)"
"1544663757-618","https://www.imdb.com/title/tt0386676/?ref_=ttep_ep_tt","3","https://www.imdb.com/title/tt0386676/episodes?season=3&ref_=tt_eps_sn_3","S3, Ep9","The Convict","(2,065)"
"1544663757-621","https://www.imdb.com/title/tt0386676/?ref_=ttep_ep_tt","3","https://www.imdb.com/title/tt0386676/episodes?season=3&ref_=tt_eps_sn_3","S3, Ep12","Traveling Salesmen","(2,033)"
"1544663764-695","https://www.imdb.com/title/tt0386676/?ref_=ttep_ep_tt","6","https://www.imdb.com/title/tt0386676/episodes?season=6&ref_=tt_eps_sn_6","S6, Ep23","Body Language","(1,412)"
"1544663757-619","https://www.imdb.com/title/tt0386676/?ref_=ttep_ep_tt","3","https://www.imdb.com/title/tt0386676/episodes?season=3&ref_=tt_eps_sn_3","S3, Ep10","A Benihana Christmas","(2,225)"
"1544663766-720","https://www.imdb.com/title/tt0386676/?ref_=ttep_ep_tt","7","https://www.imdb.com/title/tt0386676/episodes?season=7&ref_=tt_eps_sn_7","S7, Ep22","The Inner Circle","(1,421)"
"1544663766-716","https://www.imdb.com/title/tt0386676/?ref_=ttep_ep_tt","7","https://www.imdb.com/title/tt0386676/episodes?season=7&ref_=tt_eps_sn_7","S7, Ep18","Garage Sale","(2,377)"
"1544663759-644","https://www.imdb.com/title/tt0386676/?ref_=ttep_ep_tt","4","https://www.imdb.com/title/tt0386676/episodes?season=4&ref_=tt_eps_sn_4","S4, Ep12","Did I Stutter?","(1,820)"
"1544663757-624","https://www.imdb.com/title/tt0386676/?ref_=ttep_ep_tt","3","https://www.imdb.com/title/tt0386676/episodes?season=3&ref_=tt_eps_sn_3","S3, Ep15","Phyllis' Wedding","(1,989)"
"1544663764-680","https://www.imdb.com/title/tt0386676/?ref_=ttep_ep_tt","6","https://www.imdb.com/title/tt0386676/episodes?season=6&ref_=tt_eps_sn_6","S6, Ep8","Koi Pond","(1,499)"
"1544663764-675","https://www.imdb.com/title/tt0386676/?ref_=ttep_ep_tt","6","https://www.imdb.com/title/tt0386676/episodes?season=6&ref_=tt_eps_sn_6","S6, Ep3","The Promotion","(1,516)"
"1544663754-595","https://www.imdb.com/title/tt0386676/?ref_=ttep_ep_tt","2","https://www.imdb.com/title/tt0386676/episodes?season=2&ref_=tt_eps_sn_2","S2, Ep8","Performance Review","(2,096)"
"1544663771-753","https://www.imdb.com/title/tt0386676/?ref_=ttep_ep_tt","9","https://www.imdb.com/title/tt0386676/episodes?season=9&ref_=tt_eps_sn_9","S9, Ep7","The Whale","(1,213)"
"1544663764-679","https://www.imdb.com/title/tt0386676/?ref_=ttep_ep_tt","6","https://www.imdb.com/title/tt0386676/episodes?season=6&ref_=tt_eps_sn_6","S6, Ep7","The Lover","(1,661)"
"1544663771-752","https://www.imdb.com/title/tt0386676/?ref_=ttep_ep_tt","9","https://www.imdb.com/title/tt0386676/episodes?season=9&ref_=tt_eps_sn_9","S9, Ep6","The Boat","(1,259)"
"1544663768-745","https://www.imdb.com/title/tt0386676/?ref_=ttep_ep_tt","8","https://www.imdb.com/title/tt0386676/episodes?season=8&ref_=tt_eps_sn_8","S8, Ep23","Turf War","(1,211)"
"1544663761-650","https://www.imdb.com/title/tt0386676/?ref_=ttep_ep_tt","5","https://www.imdb.com/title/tt0386676/episodes?season=5&ref_=tt_eps_sn_5","S5, Ep4","Crime Aid","(1,634)"
"1544663764-690","https://www.imdb.com/title/tt0386676/?ref_=ttep_ep_tt","6","https://www.imdb.com/title/tt0386676/episodes?season=6&ref_=tt_eps_sn_6","S6, Ep18","The Delivery: Part 2","(1,516)"
"1544663768-734","https://www.imdb.com/title/tt0386676/?ref_=ttep_ep_tt","8","https://www.imdb.com/title/tt0386676/episodes?season=8&ref_=tt_eps_sn_8","S8, Ep12","Pool Party","(1,380)"
"1544663754-606","https://www.imdb.com/title/tt0386676/?ref_=ttep_ep_tt","2","https://www.imdb.com/title/tt0386676/episodes?season=2&ref_=tt_eps_sn_2","S2, Ep19","Michael's Birthday","(2,042)"
"1544663766-699","https://www.imdb.com/title/tt0386676/?ref_=ttep_ep_tt","7","https://www.imdb.com/title/tt0386676/episodes?season=7&ref_=tt_eps_sn_7","S7, Ep1","Nepotism","(1,657)"
"1544663764-686","https://www.imdb.com/title/tt0386676/?ref_=ttep_ep_tt","6","https://www.imdb.com/title/tt0386676/episodes?season=6&ref_=tt_eps_sn_6","S6, Ep14","The Banker","(1,985)"
"1544663757-615","https://www.imdb.com/title/tt0386676/?ref_=ttep_ep_tt","3","https://www.imdb.com/title/tt0386676/episodes?season=3&ref_=tt_eps_sn_3","S3, Ep6","Diwali","(2,028)"
"1544663764-689","https://www.imdb.com/title/tt0386676/?ref_=ttep_ep_tt","6","https://www.imdb.com/title/tt0386676/episodes?season=6&ref_=tt_eps_sn_6","S6, Ep17","The Delivery: Part 1","(1,502)"
"1544663754-603","https://www.imdb.com/title/tt0386676/?ref_=ttep_ep_tt","2","https://www.imdb.com/title/tt0386676/episodes?season=2&ref_=tt_eps_sn_2","S2, Ep16","Valentine's Day","(2,040)"
"1544663752-586","https://www.imdb.com/title/tt0386676/?ref_=ttep_ep_tt","1","https://www.imdb.com/title/tt0386676/episodes?season=1&ref_=tt_eps_sn_1","S1, Ep5","Basketball","(2,765)"
"1544663764-678","https://www.imdb.com/title/tt0386676/?ref_=ttep_ep_tt","6","https://www.imdb.com/title/tt0386676/episodes?season=6&ref_=tt_eps_sn_6","S6, Ep6","Mafia","(1,580)"
"1544663771-763","https://www.imdb.com/title/tt0386676/?ref_=ttep_ep_tt","9","https://www.imdb.com/title/tt0386676/episodes?season=9&ref_=tt_eps_sn_9","S9, Ep17","The Farm","(1,411)"
"1544663771-754","https://www.imdb.com/title/tt0386676/?ref_=ttep_ep_tt","9","https://www.imdb.com/title/tt0386676/episodes?season=9&ref_=tt_eps_sn_9","S9, Ep8","The Target","(1,230)"
"1544663759-645","https://www.imdb.com/title/tt0386676/?ref_=ttep_ep_tt","4","https://www.imdb.com/title/tt0386676/episodes?season=4&ref_=tt_eps_sn_4","S4, Ep13","Job Fair","(1,715)"
"1544663759-646","https://www.imdb.com/title/tt0386676/?ref_=ttep_ep_tt","4","https://www.imdb.com/title/tt0386676/episodes?season=4&ref_=tt_eps_sn_4","S4, Ep14","Goodbye, Toby","(2,652)"
"1544663754-609","https://www.imdb.com/title/tt0386676/?ref_=ttep_ep_tt","2","https://www.imdb.com/title/tt0386676/episodes?season=2&ref_=tt_eps_sn_2","S2, Ep22","Casino Night","(3,217)"
"1544663754-590","https://www.imdb.com/title/tt0386676/?ref_=ttep_ep_tt","2","https://www.imdb.com/title/tt0386676/episodes?season=2&ref_=tt_eps_sn_2","S2, Ep3","Office Olympics","(2,390)"
"1544663766-701","https://www.imdb.com/title/tt0386676/?ref_=ttep_ep_tt","7","https://www.imdb.com/title/tt0386676/episodes?season=7&ref_=tt_eps_sn_7","S7, Ep3","Andy's Play","(1,567)"
"1544663757-620","https://www.imdb.com/title/tt0386676/?ref_=ttep_ep_tt","3","https://www.imdb.com/title/tt0386676/episodes?season=3&ref_=tt_eps_sn_3","S3, Ep11","Back from Vacation","(1,974)"
"1544663766-708","https://www.imdb.com/title/tt0386676/?ref_=ttep_ep_tt","7","https://www.imdb.com/title/tt0386676/episodes?season=7&ref_=tt_eps_sn_7","S7, Ep10","China","(1,438)"
"1544663754-602","https://www.imdb.com/title/tt0386676/?ref_=ttep_ep_tt","2","https://www.imdb.com/title/tt0386676/episodes?season=2&ref_=tt_eps_sn_2","S2, Ep15","Boys and Girls","(2,019)"
"1544663766-706","https://www.imdb.com/title/tt0386676/?ref_=ttep_ep_tt","7","https://www.imdb.com/title/tt0386676/episodes?season=7&ref_=tt_eps_sn_7","S7, Ep8","Viewing Party","(1,416)"
"1544663771-759","https://www.imdb.com/title/tt0386676/?ref_=ttep_ep_tt","9","https://www.imdb.com/title/tt0386676/episodes?season=9&ref_=tt_eps_sn_9","S9, Ep13","Junior Salesman","(1,196)"
"1544663761-669","https://www.imdb.com/title/tt0386676/?ref_=ttep_ep_tt","5","https://www.imdb.com/title/tt0386676/episodes?season=5&ref_=tt_eps_sn_5","S5, Ep23","Broke","(2,157)"
"1544663757-614","https://www.imdb.com/title/tt0386676/?ref_=ttep_ep_tt","3","https://www.imdb.com/title/tt0386676/episodes?season=3&ref_=tt_eps_sn_3","S3, Ep5","Initiation","(1,980)"
"1544663761-666","https://www.imdb.com/title/tt0386676/?ref_=ttep_ep_tt","5","https://www.imdb.com/title/tt0386676/episodes?season=5&ref_=tt_eps_sn_5","S5, Ep20","Dream Team","(1,622)"
"1544663768-724","https://www.imdb.com/title/tt0386676/?ref_=ttep_ep_tt","8","https://www.imdb.com/title/tt0386676/episodes?season=8&ref_=tt_eps_sn_8","S8, Ep2","The Incentive","(1,451)"
"1544663761-657","https://www.imdb.com/title/tt0386676/?ref_=ttep_ep_tt","5","https://www.imdb.com/title/tt0386676/episodes?season=5&ref_=tt_eps_sn_5","S5, Ep11","The Duel","(1,760)"
"1544663761-659","https://www.imdb.com/title/tt0386676/?ref_=ttep_ep_tt","5","https://www.imdb.com/title/tt0386676/episodes?season=5&ref_=tt_eps_sn_5","S5, Ep13","Stress Relief","(5,098)"
"1544663771-750","https://www.imdb.com/title/tt0386676/?ref_=ttep_ep_tt","9","https://www.imdb.com/title/tt0386676/episodes?season=9&ref_=tt_eps_sn_9","S9, Ep4","Work Bus","(1,345)"
"1544663754-600","https://www.imdb.com/title/tt0386676/?ref_=ttep_ep_tt","2","https://www.imdb.com/title/tt0386676/episodes?season=2&ref_=tt_eps_sn_2","S2, Ep13","The Secret","(2,048)"
"1544663761-668","https://www.imdb.com/title/tt0386676/?ref_=ttep_ep_tt","5","https://www.imdb.com/title/tt0386676/episodes?season=5&ref_=tt_eps_sn_5","S5, Ep22","Heavy Competition","(1,662)"
"1544663766-705","https://www.imdb.com/title/tt0386676/?ref_=ttep_ep_tt","7","https://www.imdb.com/title/tt0386676/episodes?season=7&ref_=tt_eps_sn_7","S7, Ep7","Christening","(1,456)"
"1544663759-642","https://www.imdb.com/title/tt0386676/?ref_=ttep_ep_tt","4","https://www.imdb.com/title/tt0386676/episodes?season=4&ref_=tt_eps_sn_4","S4, Ep10","Chair Model","(1,829)"
"1544663766-713","https://www.imdb.com/title/tt0386676/?ref_=ttep_ep_tt","7","https://www.imdb.com/title/tt0386676/episodes?season=7&ref_=tt_eps_sn_7","S7, Ep15","PDA","(1,490)"
"1544663761-662","https://www.imdb.com/title/tt0386676/?ref_=ttep_ep_tt","5","https://www.imdb.com/title/tt0386676/episodes?season=5&ref_=tt_eps_sn_5","S5, Ep16","Blood Drive","(1,613)"
"1544663764-673","https://www.imdb.com/title/tt0386676/?ref_=ttep_ep_tt","6","https://www.imdb.com/title/tt0386676/episodes?season=6&ref_=tt_eps_sn_6","S6, Ep1","Gossip","(1,848)"
"1544663764-684","https://www.imdb.com/title/tt0386676/?ref_=ttep_ep_tt","6","https://www.imdb.com/title/tt0386676/episodes?season=6&ref_=tt_eps_sn_6","S6, Ep12","Scott's Tots","(1,704)"
"1544663752-584","https://www.imdb.com/title/tt0386676/?ref_=ttep_ep_tt","1","https://www.imdb.com/title/tt0386676/episodes?season=1&ref_=tt_eps_sn_1","S1, Ep3","Health Care","(2,595)"
"1544663768-738","https://www.imdb.com/title/tt0386676/?ref_=ttep_ep_tt","8","https://www.imdb.com/title/tt0386676/episodes?season=8&ref_=tt_eps_sn_8","S8, Ep16","After Hours","(1,355)"
"1544663766-707","https://www.imdb.com/title/tt0386676/?ref_=ttep_ep_tt","7","https://www.imdb.com/title/tt0386676/episodes?season=7&ref_=tt_eps_sn_7","S7, Ep9","WUPHF.com","(1,386)"
"1544663764-691","https://www.imdb.com/title/tt0386676/?ref_=ttep_ep_tt","6","https://www.imdb.com/title/tt0386676/episodes?season=6&ref_=tt_eps_sn_6","S6, Ep19","St. Patrick's Day","(1,419)"
"1544663768-728","https://www.imdb.com/title/tt0386676/?ref_=ttep_ep_tt","8","https://www.imdb.com/title/tt0386676/episodes?season=8&ref_=tt_eps_sn_8","S8, Ep6","Doomsday","(1,277)"
"1544663761-648","https://www.imdb.com/title/tt0386676/?ref_=ttep_ep_tt","5","https://www.imdb.com/title/tt0386676/episodes?season=5&ref_=tt_eps_sn_5","S5, Ep2","Business Ethics","(1,739)"
"1544663754-608","https://www.imdb.com/title/tt0386676/?ref_=ttep_ep_tt","2","https://www.imdb.com/title/tt0386676/episodes?season=2&ref_=tt_eps_sn_2","S2, Ep21","Conflict Resolution","(2,133)"
"1544663757-612","https://www.imdb.com/title/tt0386676/?ref_=ttep_ep_tt","3","https://www.imdb.com/title/tt0386676/episodes?season=3&ref_=tt_eps_sn_3","S3, Ep3","The Coup","(2,083)"
"1544663757-616","https://www.imdb.com/title/tt0386676/?ref_=ttep_ep_tt","3","https://www.imdb.com/title/tt0386676/episodes?season=3&ref_=tt_eps_sn_3","S3, Ep7","Branch Closing","(1,977)"
"1544663757-630","https://www.imdb.com/title/tt0386676/?ref_=ttep_ep_tt","3","https://www.imdb.com/title/tt0386676/episodes?season=3&ref_=tt_eps_sn_3","S3, Ep21","Women's Appreciation","(2,115)"
"1544663752-582","https://www.imdb.com/title/tt0386676/?ref_=ttep_ep_tt","1","https://www.imdb.com/title/tt0386676/episodes?season=1&ref_=tt_eps_sn_1","S1, Ep1","Pilot","(3,234)"
"1544663754-592","https://www.imdb.com/title/tt0386676/?ref_=ttep_ep_tt","2","https://www.imdb.com/title/tt0386676/episodes?season=2&ref_=tt_eps_sn_2","S2, Ep5","Halloween","(2,235)"
"1544663768-744","https://www.imdb.com/title/tt0386676/?ref_=ttep_ep_tt","8","https://www.imdb.com/title/tt0386676/episodes?season=8&ref_=tt_eps_sn_8","S8, Ep22","Fundraiser","(1,270)"
"1544663764-685","https://www.imdb.com/title/tt0386676/?ref_=ttep_ep_tt","6","https://www.imdb.com/title/tt0386676/episodes?season=6&ref_=tt_eps_sn_6","S6, Ep13","Secret Santa","(1,593)"
"1544663754-604","https://www.imdb.com/title/tt0386676/?ref_=ttep_ep_tt","2","https://www.imdb.com/title/tt0386676/episodes?season=2&ref_=tt_eps_sn_2","S2, Ep17","Dwight's Speech","(2,148)"
"1544663761-667","https://www.imdb.com/title/tt0386676/?ref_=ttep_ep_tt","5","https://www.imdb.com/title/tt0386676/episodes?season=5&ref_=tt_eps_sn_5","S5, Ep21","Michael Scott Paper Company","(1,763)"
"1544663757-622","https://www.imdb.com/title/tt0386676/?ref_=ttep_ep_tt","3","https://www.imdb.com/title/tt0386676/episodes?season=3&ref_=tt_eps_sn_3","S3, Ep13","The Return","(2,131)"
"1544663764-692","https://www.imdb.com/title/tt0386676/?ref_=ttep_ep_tt","6","https://www.imdb.com/title/tt0386676/episodes?season=6&ref_=tt_eps_sn_6","S6, Ep20","New Leads","(1,386)"
"1544663764-687","https://www.imdb.com/title/tt0386676/?ref_=ttep_ep_tt","6","https://www.imdb.com/title/tt0386676/episodes?season=6&ref_=tt_eps_sn_6","S6, Ep15","Sabre","(1,451)"
"1544663761-653","https://www.imdb.com/title/tt0386676/?ref_=ttep_ep_tt","5","https://www.imdb.com/title/tt0386676/episodes?season=5&ref_=tt_eps_sn_5","S5, Ep7","Business Trip","(1,622)"
"1544663771-762","https://www.imdb.com/title/tt0386676/?ref_=ttep_ep_tt","9","https://www.imdb.com/title/tt0386676/episodes?season=9&ref_=tt_eps_sn_9","S9, Ep16","Moving On","(1,364)"
"1544663766-709","https://www.imdb.com/title/tt0386676/?ref_=ttep_ep_tt","7","https://www.imdb.com/title/tt0386676/episodes?season=7&ref_=tt_eps_sn_7","S7, Ep11","Classy Christmas","(1,863)"
"1544663757-631","https://www.imdb.com/title/tt0386676/?ref_=ttep_ep_tt","3","https://www.imdb.com/title/tt0386676/episodes?season=3&ref_=tt_eps_sn_3","S3, Ep22","Beach Games","(2,449)"
"1544663768-736","https://www.imdb.com/title/tt0386676/?ref_=ttep_ep_tt","8","https://www.imdb.com/title/tt0386676/episodes?season=8&ref_=tt_eps_sn_8","S8, Ep14","Special Project","(1,237)"
"1544663754-593","https://www.imdb.com/title/tt0386676/?ref_=ttep_ep_tt","2","https://www.imdb.com/title/tt0386676/episodes?season=2&ref_=tt_eps_sn_2","S2, Ep6","The Fight","(2,228)"
"1544663757-626","https://www.imdb.com/title/tt0386676/?ref_=ttep_ep_tt","3","https://www.imdb.com/title/tt0386676/episodes?season=3&ref_=tt_eps_sn_3","S3, Ep17","Cocktails","(1,982)"
"1544663766-721","https://www.imdb.com/title/tt0386676/?ref_=ttep_ep_tt","7","https://www.imdb.com/title/tt0386676/episodes?season=7&ref_=tt_eps_sn_7","S7, Ep23","Dwight K. Schrute, (Acting) Manager","(1,607)"
"1544663754-597","https://www.imdb.com/title/tt0386676/?ref_=ttep_ep_tt","2","https://www.imdb.com/title/tt0386676/episodes?season=2&ref_=tt_eps_sn_2","S2, Ep10","Christmas Party","(2,393)"
"1544663761-652","https://www.imdb.com/title/tt0386676/?ref_=ttep_ep_tt","5","https://www.imdb.com/title/tt0386676/episodes?season=5&ref_=tt_eps_sn_5","S5, Ep6","Customer Survey","(1,750)"
"1544663771-749","https://www.imdb.com/title/tt0386676/?ref_=ttep_ep_tt","9","https://www.imdb.com/title/tt0386676/episodes?season=9&ref_=tt_eps_sn_9","S9, Ep3","Andy's Ancestry","(1,263)"
"1544663757-627","https://www.imdb.com/title/tt0386676/?ref_=ttep_ep_tt","3","https://www.imdb.com/title/tt0386676/episodes?season=3&ref_=tt_eps_sn_3","S3, Ep18","The Negotiation","(2,252)"
"1544663768-731","https://www.imdb.com/title/tt0386676/?ref_=ttep_ep_tt","8","https://www.imdb.com/title/tt0386676/episodes?season=8&ref_=tt_eps_sn_8","S8, Ep9","Mrs. California","(1,341)"
"1544663764-674","https://www.imdb.com/title/tt0386676/?ref_=ttep_ep_tt","6","https://www.imdb.com/title/tt0386676/episodes?season=6&ref_=tt_eps_sn_6","S6, Ep2","The Meeting","(1,525)"
"1544663754-607","https://www.imdb.com/title/tt0386676/?ref_=ttep_ep_tt","2","https://www.imdb.com/title/tt0386676/episodes?season=2&ref_=tt_eps_sn_2","S2, Ep20","Drug Testing","(2,087)"
"1544663752-587","https://www.imdb.com/title/tt0386676/?ref_=ttep_ep_tt","1","https://www.imdb.com/title/tt0386676/episodes?season=1&ref_=tt_eps_sn_1","S1, Ep6","Hot Girl","(2,494)"
"1544663766-704","https://www.imdb.com/title/tt0386676/?ref_=ttep_ep_tt","7","https://www.imdb.com/title/tt0386676/episodes?season=7&ref_=tt_eps_sn_7","S7, Ep6","Costume Contest","(1,437)"
"1544663766-711","https://www.imdb.com/title/tt0386676/?ref_=ttep_ep_tt","7","https://www.imdb.com/title/tt0386676/episodes?season=7&ref_=tt_eps_sn_7","S7, Ep13","The Seminar","(1,397)"
"1544663771-766","https://www.imdb.com/title/tt0386676/?ref_=ttep_ep_tt","9","https://www.imdb.com/title/tt0386676/episodes?season=9&ref_=tt_eps_sn_9","S9, Ep20","Paper Airplane","(1,275)"
"1544663761-672","https://www.imdb.com/title/tt0386676/?ref_=ttep_ep_tt","5","https://www.imdb.com/title/tt0386676/episodes?season=5&ref_=tt_eps_sn_5","S5, Ep26","Company Picnic","(1,941)"
"1544663764-696","https://www.imdb.com/title/tt0386676/?ref_=ttep_ep_tt","6","https://www.imdb.com/title/tt0386676/episodes?season=6&ref_=tt_eps_sn_6","S6, Ep24","The Cover-Up","(1,408)"
"1544663759-637","https://www.imdb.com/title/tt0386676/?ref_=ttep_ep_tt","4","https://www.imdb.com/title/tt0386676/episodes?season=4&ref_=tt_eps_sn_4","S4, Ep5","Local Ad","(2,082)"
"1544663757-617","https://www.imdb.com/title/tt0386676/?ref_=ttep_ep_tt","3","https://www.imdb.com/title/tt0386676/episodes?season=3&ref_=tt_eps_sn_3","S3, Ep8","The Merger","(2,075)"
"1544663757-623","https://www.imdb.com/title/tt0386676/?ref_=ttep_ep_tt","3","https://www.imdb.com/title/tt0386676/episodes?season=3&ref_=tt_eps_sn_3","S3, Ep14","Ben Franklin","(1,974)"
"1544663768-729","https://www.imdb.com/title/tt0386676/?ref_=ttep_ep_tt","8","https://www.imdb.com/title/tt0386676/episodes?season=8&ref_=tt_eps_sn_8","S8, Ep7","Pam's Replacement","(1,351)"
"1544663768-735","https://www.imdb.com/title/tt0386676/?ref_=ttep_ep_tt","8","https://www.imdb.com/title/tt0386676/episodes?season=8&ref_=tt_eps_sn_8","S8, Ep13","Jury Duty","(1,282)"
"1544663764-682","https://www.imdb.com/title/tt0386676/?ref_=ttep_ep_tt","6","https://www.imdb.com/title/tt0386676/episodes?season=6&ref_=tt_eps_sn_6","S6, Ep10","Murder","(1,723)"
"1544663764-676","https://www.imdb.com/title/tt0386676/?ref_=ttep_ep_tt","6","https://www.imdb.com/title/tt0386676/episodes?season=6&ref_=tt_eps_sn_6","S6, Ep4","Niagara","(3,190)"
"1544663761-655","https://www.imdb.com/title/tt0386676/?ref_=ttep_ep_tt","5","https://www.imdb.com/title/tt0386676/episodes?season=5&ref_=tt_eps_sn_5","S5, Ep9","The Surplus","(1,802)"
"1544663757-613","https://www.imdb.com/title/tt0386676/?ref_=ttep_ep_tt","3","https://www.imdb.com/title/tt0386676/episodes?season=3&ref_=tt_eps_sn_3","S3, Ep4","Grief Counseling","(2,030)"
"1544663759-643","https://www.imdb.com/title/tt0386676/?ref_=ttep_ep_tt","4","https://www.imdb.com/title/tt0386676/episodes?season=4&ref_=tt_eps_sn_4","S4, Ep11","Night Out","(1,902)"
"1544663766-712","https://www.imdb.com/title/tt0386676/?ref_=ttep_ep_tt","7","https://www.imdb.com/title/tt0386676/episodes?season=7&ref_=tt_eps_sn_7","S7, Ep14","The Search","(1,499)"
"1544663759-636","https://www.imdb.com/title/tt0386676/?ref_=ttep_ep_tt","4","https://www.imdb.com/title/tt0386676/episodes?season=4&ref_=tt_eps_sn_4","S4, Ep4","Money","(2,034)"
"1544663754-589","https://www.imdb.com/title/tt0386676/?ref_=ttep_ep_tt","2","https://www.imdb.com/title/tt0386676/episodes?season=2&ref_=tt_eps_sn_2","S2, Ep2","Sexual Harassment","(2,371)"
"1544663768-733","https://www.imdb.com/title/tt0386676/?ref_=ttep_ep_tt","8","https://www.imdb.com/title/tt0386676/episodes?season=8&ref_=tt_eps_sn_8","S8, Ep11","Trivia","(1,286)"
"1544663764-681","https://www.imdb.com/title/tt0386676/?ref_=ttep_ep_tt","6","https://www.imdb.com/title/tt0386676/episodes?season=6&ref_=tt_eps_sn_6","S6, Ep9","Double Date","(1,475)"
"1544663766-700","https://www.imdb.com/title/tt0386676/?ref_=ttep_ep_tt","7","https://www.imdb.com/title/tt0386676/episodes?season=7&ref_=tt_eps_sn_7","S7, Ep2","Counseling","(1,453)"
"1544663754-601","https://www.imdb.com/title/tt0386676/?ref_=ttep_ep_tt","2","https://www.imdb.com/title/tt0386676/episodes?season=2&ref_=tt_eps_sn_2","S2, Ep14","The Carpet","(2,031)"
"1544663754-599","https://www.imdb.com/title/tt0386676/?ref_=ttep_ep_tt","2","https://www.imdb.com/title/tt0386676/episodes?season=2&ref_=tt_eps_sn_2","S2, Ep12","The Injury","(2,886)"
"1544663766-722","https://www.imdb.com/title/tt0386676/?ref_=ttep_ep_tt","7","https://www.imdb.com/title/tt0386676/episodes?season=7&ref_=tt_eps_sn_7","S7, Ep24","Search Committee","(1,799)"
"1544663764-698","https://www.imdb.com/title/tt0386676/?ref_=ttep_ep_tt","6","https://www.imdb.com/title/tt0386676/episodes?season=6&ref_=tt_eps_sn_6","S6, Ep26","Whistleblower","(1,407)"
"1544663757-611","https://www.imdb.com/title/tt0386676/?ref_=ttep_ep_tt","3","https://www.imdb.com/title/tt0386676/episodes?season=3&ref_=tt_eps_sn_3","S3, Ep2","The Convention","(1,982)"
"1544663761-661","https://www.imdb.com/title/tt0386676/?ref_=ttep_ep_tt","5","https://www.imdb.com/title/tt0386676/episodes?season=5&ref_=tt_eps_sn_5","S5, Ep15","Lecture Circuit: Part 2","(1,568)"
"1544663771-760","https://www.imdb.com/title/tt0386676/?ref_=ttep_ep_tt","9","https://www.imdb.com/title/tt0386676/episodes?season=9&ref_=tt_eps_sn_9","S9, Ep14","Vandalism","(1,201)"
"1544663759-638","https://www.imdb.com/title/tt0386676/?ref_=ttep_ep_tt","4","https://www.imdb.com/title/tt0386676/episodes?season=4&ref_=tt_eps_sn_4","S4, Ep6","Branch Wars","(1,906)"
"1544663754-591","https://www.imdb.com/title/tt0386676/?ref_=ttep_ep_tt","2","https://www.imdb.com/title/tt0386676/episodes?season=2&ref_=tt_eps_sn_2","S2, Ep4","The Fire","(2,370)"
"1544663768-741","https://www.imdb.com/title/tt0386676/?ref_=ttep_ep_tt","8","https://www.imdb.com/title/tt0386676/episodes?season=8&ref_=tt_eps_sn_8","S8, Ep19","Get the Girl","(1,425)"
"1544663764-677","https://www.imdb.com/title/tt0386676/?ref_=ttep_ep_tt","6","https://www.imdb.com/title/tt0386676/episodes?season=6&ref_=tt_eps_sn_6","S6, Ep5","Niagara","(1,514)"
"1544663757-628","https://www.imdb.com/title/tt0386676/?ref_=ttep_ep_tt","3","https://www.imdb.com/title/tt0386676/episodes?season=3&ref_=tt_eps_sn_3","S3, Ep19","Safety Training","(2,122)"
