ID,Title,Director,Writer,Original Air Date,Rating,Leonard,Sheldon,Penny,Howard,Raj,Leslie,Bernadette,Amy,Stuart,Emily,Mary,Zack,Bert,Janine,Wil
1_1,"""Pilot""",James Burrows,Chuck Lorre & Bill Prady,9/24/2007,8.4,124,105,60,17,3,0,0,0,0,0,0,0,0,0,0
1_2,"""The Big Bran Hypothesis""",Mark Cendrowski,Chuck Lorre & Bill Prady,10/1/2007,8.4,87,71,41,17,5,0,0,0,0,0,0,0,0,0,0
1_3,"""The Fuzzyboots Corollary""",Mark Cendrowski,Chuck Lorre,10/8/2007,7.9,104,50,38,27,11,0,0,0,0,0,0,0,0,0,0
1_4,"""The Luminous Fish Effect""",Mark Cendrowski,Chuck Lorre & Bill Prady,10/15/2007,8.3,47,83,30,6,2,0,0,0,0,0,0,0,0,0,0
1_5,"""The Hamburger Postulate""",Andrew D. Weyman,Jennifer Glickman,10/22/2007,8.1,68,57,37,12,6,0,0,0,0,0,0,0,0,0,0
1_6,"""The Middle-Earth Paradigm""",Mark Cendrowski,Dave Goetsch,10/29/2007,8.5,77,68,42,23,11,0,0,0,0,0,0,0,0,0,0
1_7,"""The Dumpling Paradox""",Mark Cendrowski,Chuck Lorre & Bill Prady,11/5/2007,8.3,69,76,55,30,16,0,0,0,0,0,0,0,0,0,0
1_8,"""The Grasshopper Experiment""",Ted Wass,Dave Goetsch & Steven Molaro,11/12/2007,8.4,42,55,27,21,63,0,0,0,0,0,0,0,0,0,0
1_9,"""The Cooper-Hofstadter Polarization""",Joel Murray,Bill Prady & Stephen Engel,3/17/2008,8.2,74,59,55,19,5,0,0,0,0,0,0,0,0,0,0
1_10,"""The Loobenfeld Decay""",Mark Cendrowski,Chuck Lorre,3/24/2008,8.2,78,79,34,9,4,0,0,0,0,0,0,0,0,0,0
1_11,"""The Pancake Batter Anomaly""",Mark Cendrowski,Chuck Lorre & Lee Aronsohn,3/31/2008,8.3,69,70,42,33,9,0,0,0,0,0,0,0,0,0,0
1_12,"""The Jerusalem Duality""",Mark Cendrowski,Jennifer Glickman & Stephen Engel,4/14/2008,8.1,56,63,6,36,23,0,0,0,0,0,0,0,0,0,0
1_13,"""The Bat Jar Conjecture""",Mark Cendrowski,Stephen Engel & Jennifer Glickman,4/21/2008,8.4,69,63,26,35,19,16,0,0,0,0,0,0,0,0,0
1_14,"""The Nerdvana Annihilation""",Mark Cendrowski,Bill Prady,4/28/2008,8.2,73,61,25,23,41,0,0,0,0,0,0,0,0,0,0
1_15,"""The Shiksa Indeterminacy""
""The Pork Chop Indeterminacy""",Mark Cendrowski,Chuck Lorre,5/5/2008,8.4,55,58,14,36,20,0,0,0,0,0,0,0,0,0,0
1_16,"""The Peanut Reaction""",Mark Cendrowski,Bill Prady & Lee Aronsohn,5/12/2008,8.5,37,50,68,55,4,0,0,0,0,0,0,0,0,0,0
1_17,"""The Tangerine Factor""",Mark Cendrowski,Chuck Lorre & Bill Prady,5/19/2008,8.7,65,57,65,17,3,0,0,0,0,0,0,0,0,0,0
2_1,"""The Bad Fish Paradigm""",Mark Cendrowski,Bill Prady,9/22/2008,8.4,64,70,43,28,23,0,0,0,0,0,0,0,0,0,0
2_2,"""The Codpiece Topology""",Mark Cendrowski,Chuck Lorre,9/29/2008,8.3,67,76,34,15,13,32,0,0,0,0,0,0,0,0,0
2_3,"""The Barbarian Sublimation""",Mark Cendrowski,Nicole Lorre,10/6/2008,8.9,33,85,60,9,5,11,0,0,0,0,0,0,0,0,0
2_4,"""The Griffin Equivalency""",Mark Cendrowski,Bill Prady & Chuck Lorre,10/13/2008,8.1,59,53,31,42,50,0,0,0,0,0,0,0,0,0,0
2_5,"""The Euclid Alternative""",Mark Cendrowski,Bill Prady & Steven Molaro,10/20/2008,8.5,47,92,34,18,7,0,0,0,0,0,0,0,0,0,0
2_6,"""The Cooper–Nowitzki Theorem""",Mark Cendrowski,Stephen Engel & Daley Haggar,11/3/2008,8.4,49,69,31,12,5,5,0,0,0,0,0,0,0,0,0
2_7,"""The Panty Piñata Polarization""",Mark Cendrowski,Bill Prady & Tim Doyle,11/10/2008,8.8,62,69,69,42,12,0,0,0,0,0,0,0,0,0,0
2_8,"""The Lizard–Spock Expansion""",Mark Cendrowski,Bill Prady,11/17/2008,8.3,66,50,19,37,22,0,0,0,0,0,0,0,0,0,0
2_9,"""The White Asparagus Triangulation""",Mark Cendrowski,Dave Goetsch & Steven Molaro,11/24/2008,8.3,48,86,38,10,8,0,0,0,0,0,0,0,0,0,0
2_10,"""The Vartabedian Conundrum""",Mark Cendrowski,Chuck Lorre & Steven Molaro,12/8/2008,7.9,86,38,43,11,6,0,0,0,0,0,0,0,0,0,0
2_11,"""The Bath Item Gift Hypothesis""",Mark Cendrowski,Bill Prady & Richard Rosenstock,12/15/2008,9.2,59,43,49,27,11,0,0,0,0,0,0,0,0,0,0
2_12,"""The Killer Robot Instability""",Mark Cendrowski,Bill Prady & Richard Rosenstock,1/12/2009,8.1,43,30,46,44,20,0,0,0,0,0,0,0,0,0,0
2_13,"""The Friendship Algorithm""",Mark Cendrowski,Bill Prady & Richard Rosenstock,1/19/2009,8.2,42,73,19,20,12,0,0,0,0,0,0,0,0,0,0
2_14,"""The Financial Permeability""",Mark Cendrowski,Chuck Lorre & Steven Molaro,2/2/2009,8.2,84,59,66,20,17,0,0,0,0,0,0,0,0,0,0
2_15,"""The Maternal Capacitance""",Mark Cendrowski,Chuck Lorre & Bill Prady,2/9/2009,9,61,29,46,17,6,0,0,0,0,0,0,0,0,0,0
2_16,"""The Cushion Saturation""",Mark Cendrowski,Chuck Lorre,3/2/2009,8.3,63,48,34,60,10,30,0,0,0,0,0,0,0,0,0
2_17,"""The Terminator Decoupling""",Mark Cendrowski,Bill Prady & Dave Goetsch,3/9/2009,8.3,52,62,24,36,23,0,0,0,0,0,0,0,0,0,0
2_18,"""The Work Song Nanocluster""",Peter Chakos,Bill Prady & Lee Aronsohn,3/16/2009,8.3,40,71,75,25,12,0,0,0,0,0,0,0,0,0,0
2_19,"""The Dead Hooker Juxtaposition""",Mark Cendrowski,Steven Molaro,3/30/2009,8.4,38,56,66,15,3,0,0,0,0,0,0,0,0,0,0
2_20,"""The Hofstadter Isotope""",Mark Cendrowski,Dave Goetsch,4/13/2009,8.1,51,58,31,44,16,0,0,0,30,0,0,0,0,0,0
2_21,"""The Vegas Renormalization""",Mark Cendrowski,Jessica Ambrosetti & Nicole Lorre & Andrew Roth,4/27/2009,8.7,49,59,45,35,37,0,0,0,0,0,0,0,0,0,0
2_22,"""The Classified Materials Turbulence""",Mark Cendrowski,Chuck Lorre & Lee Aronsohn,5/4/2009,8.4,67,35,19,38,23,0,0,0,33,0,0,0,0,0,0
2_23,"""The Monopolar Expedition""",Mark Cendrowski,Eric Kaplan & Richard Rosenstock,5/11/2009,8.4,75,86,31,24,17,0,0,0,0,0,0,0,0,0,0
3_1,"""The Electric Can Opener Fluctuation""",Mark Cendrowski,Steven Molaro,9/21/2009,8.5,50,50,35,27,18,0,0,0,0,0,0,0,0,0,0
3_2,"""The Jiminy Conjecture""",Mark Cendrowski,Jim Reynolds,9/28/2009,8,44,65,31,38,30,0,0,0,0,0,0,0,0,0,0
3_3,"""The Gothowitz Deviation""",Mark Cendrowski,Lee Aronsohn & Richard Rosenstock,10/5/2009,8.3,38,45,33,50,38,0,0,0,0,0,0,0,0,0,0
3_4,"""The Pirate Solution""",Mark Cendrowski,Steve Holland,10/12/2009,8.2,35,70,24,33,71,0,0,0,0,0,0,0,0,0,0
3_5,"""The Creepy Candy Coating Corollary""",Mark Cendrowski,Chuck Lorre & Bill Prady,10/19/2009,8.4,40,45,27,47,29,0,21,0,10,0,0,0,0,0,0
3_6,"""The Cornhusker Vortex""",Mark Cendrowski,Bill Prady & Steven Molaro,11/2/2009,7.7,69,41,32,37,42,0,0,0,0,0,0,0,0,0,0
3_7,"""The Guitarist Amplification""",Mark Cendrowski,Chuck Lorre & Lee Aronsohn,11/9/2009,8,60,63,71,17,14,0,0,0,9,0,0,0,0,0,0
3_8,"""The Adhesive Duck Deficiency""",Mark Cendrowski,Chuck Lorre & Bill Prady & Dave Goetsch,11/16/2009,9,28,62,58,34,30,0,0,0,0,0,0,0,0,0,0
3_9,"""The Vengeance Formulation""",Mark Cendrowski,Chuck Lorre & Maria Ferrari,11/23/2009,8.5,32,35,22,47,17,0,22,0,0,0,0,0,0,0,0
3_10,"""The Gorilla Experiment""",Mark Cendrowski,Chuck Lorre & Richard Rosenstock & Steve Holland,12/7/2009,8.6,37,62,56,48,3,0,37,0,0,0,0,0,0,0,0
3_11,"""The Maternal Congruence""",Mark Cendrowski,Lee Aronsohn & Steven Molaro & Richard Rosenstock & Maria Ferrari,12/14/2009,8.4,55,45,54,8,0,0,0,0,0,0,0,0,0,0,0
3_12,"""The Psychic Vortex""",Mark Cendrowski,Lee Aronsohn & Steven Molaro,1/11/2010,8.5,42,51,22,26,40,0,7,0,0,0,0,0,0,0,0
3_13,"""The Bozeman Reaction""",Mark Cendrowski,Bill Prady & Lee Aronsohn & Jim Reynolds,1/18/2010,8.2,42,66,22,15,10,0,0,0,0,0,0,0,0,0,0
3_14,"""The Einstein Approximation""",Mark Cendrowski,Lee Aronsohn & Dave Goetsch & Steve Holland,2/1/2010,8.6,55,66,35,15,10,0,11,0,0,0,0,0,0,0,0
3_15,"""The Large Hadron Collision""",Mark Cendrowski,Chuck Lorre & Steven Molaro & Jim Reynolds,2/8/2010,8.2,66,58,39,13,19,0,0,0,0,0,0,0,0,0,0
3_16,"""The Excelsior Acquisition""",Peter Chakos,Chuck Lorre & Lee Aronsohn & Steven Molaro,3/1/2010,8.4,28,64,55,22,12,0,0,0,17,0,0,0,0,0,0
3_17,"""The Precious Fragmentation""",Mark Cendrowski,Lee Aronsohn & Eric Kaplan & Maria Ferrari,3/8/2010,8.6,53,38,17,41,44,0,0,0,0,0,0,0,0,0,0
3_18,"""The Pants Alternative""",Mark Cendrowski,Chuck Lorre & Bill Prady & Steve Holland,3/22/2010,8.6,31,71,25,14,26,0,0,0,0,0,0,0,0,0,0
3_19,"""The Wheaton Recurrence""",Mark Cendrowski,Chuck Lorre & Steven Molaro & Nicole Lorre & Jessica Ambrosetti,4/12/2010,8.1,50,62,65,20,14,0,0,0,9,0,0,0,0,0,22
3_20,"""The Spaghetti Catalyst""",Anthony Rich,Chuck Lorre & Bill Prady & Lee Aronsohn & Steven Molaro,5/3/2010,8.3,66,83,62,21,22,0,0,0,0,0,0,0,0,0,0
3_21,"""The Plimpton Stimulation""",Mark Cendrowski,Chuck Lorre & Bill Prady & Lee Aronsohn,5/10/2010,8.3,64,72,28,28,38,0,0,0,0,0,0,0,0,0,0
3_22,"""The Staircase Implementation""",Mark Cendrowski,Lee Aronsohn & Steven Molaro & Steve Holland,5/17/2010,9.1,95,78,28,19,12,0,0,0,0,0,0,0,0,0,0
3_23,"""The Lunar Excitation""",Peter Chakos,Chuck Lorre & Bill Prady & Maria Ferrari,5/24/2010,8.7,67,56,34,37,28,8,0,5,0,0,0,17,0,0,0
4_1,"""The Robotic Manipulation""",Mark Cendrowski,Chuck Lorre & Lee Aronsohn & Dave Goetsch,9/23/2010,8.8,23,68,73,44,18,0,0,14,0,0,0,0,0,0,0
4_2,"""The Cruciferous Vegetable Amplification""",Mark Cendrowski,Bill Prady & Lee Aronsohn & Steve Holland,9/30/2010,8.5,72,59,48,11,4,0,0,0,0,0,0,0,0,0,0
4_3,"""The Zazzy Substitution""",Mark Cendrowski,Chuck Lorre & Bill Prady & Jim Reynolds,10/7/2010,8.1,61,84,21,29,22,0,0,42,0,0,0,0,0,0,0
4_4,"""The Hot Troll Deviation""",Mark Cendrowski,Chuck Lorre & Steven Molaro & Adam Faberman,10/14/2010,8.2,28,42,34,67,34,0,27,0,0,0,0,0,0,0,0
4_5,"""The Desperation Emanation""",Mark Cendrowski,Bill Prady & Lee Aronsohn & Dave Goetsch,10/21/2010,7.9,82,71,0,13,7,0,5,20,4,0,0,0,0,0,0
4_6,"""The Irish Pub Formulation""",Mark Cendrowski,Chuck Lorre & Lee Aronsohn & Steven Molaro,10/28/2010,8.2,96,94,0,21,29,0,0,0,0,0,0,0,0,0,0
4_7,"""The Apology Insufficiency""",Mark Cendrowski,Chuck Lorre & Lee Aronsohn & Maria Ferrari,11/4/2010,8.2,38,84,19,18,23,0,0,0,0,0,0,0,0,0,0
4_8,"""The 21-Second Excitation""",Mark Cendrowski,Chuck Lorre & Bill Prady & Jim Reynolds,11/11/2010,8.3,33,42,35,21,9,0,23,37,0,0,0,0,0,0,5
4_9,"""The Boyfriend Complexity""",Mark Cendrowski,Chuck Lorre & Lee Aronsohn & Jim Reynolds,11/18/2010,8.6,63,21,39,35,38,0,17,0,0,0,0,0,0,0,0
4_10,"""The Alien Parasite Hypothesis""",Mark Cendrowski,Chuck Lorre & Steven Molaro & Steve Holland,12/9/2010,7.9,12,56,22,35,33,0,7,43,0,0,0,6,0,0,0
4_11,"""The Justice League Recombination""",Mark Cendrowski,Chuck Lorre & Lee Aronsohn & Maria Ferrari,12/16/2010,8.8,53,50,36,22,18,0,0,0,8,0,0,47,0,0,0
4_12,"""The Bus Pants Utilization""",Mark Cendrowski,Chuck Lorre & Lee Aronsohn & Maria Ferrari,1/6/2011,7.8,56,90,42,25,20,0,0,0,0,0,0,0,0,0,0
4_13,"""The Love Car Displacement""",Anthony Rich,Chuck Lorre & Bill Prady & Dave Goetsch,1/20/2011,8.4,35,34,59,27,8,0,32,28,0,0,0,0,0,0,0
4_14,"""The Thespian Catalyst""",Mark Cendrowski,Chuck Lorre & Lee Aronsohn & Jim Reynolds,2/3/2011,8,17,68,57,19,22,0,12,7,0,0,0,0,0,0,0
4_15,"""The Benefactor Factor""",Mark Cendrowski,Bill Prady & Lee Aronsohn & Dave Goetsch,2/10/2011,7.9,62,49,16,19,17,0,0,7,0,0,0,0,0,0,0
4_16,"""The Cohabitation Formulation""",Mark Cendrowski,Chuck Lorre & Lee Aronsohn & Dave Goetsch,2/17/2011,8.1,24,24,28,60,17,0,37,17,0,0,0,0,0,0,0
4_17,"""The Toast Derivation""",Mark Cendrowski,Bill Prady & Dave Goetsch & Maria Ferrari,2/24/2011,8.1,42,71,31,6,8,0,12,24,5,0,0,11,0,0,0
4_18,"""The Prestidigitation Approximation""",Mark Cendrowski,Bill Prady & Steve Holland & Eddie Gorodetsky,3/10/2011,8.3,78,37,42,34,14,0,0,0,0,0,0,0,0,0,0
4_19,"""The Zarnecki Incursion""",Peter Chakos,Chuck Lorre & Steven Molaro & Maria Ferrari,3/31/2011,8.2,52,65,32,28,27,0,6,9,0,0,0,0,0,0,0
4_20,"""The Herb Garden Germination""",Mark Cendrowski,Chuck Lorre & Eric Kaplan & Eddie Gorodetsky,4/7/2011,8.4,54,51,19,11,30,0,10,28,0,0,0,0,0,0,0
4_21,"""The Agreement Dissection""",Mark Cendrowski,Bill Prady & Dave Goetsch & Eddie Gorodetsky,4/28/2011,8.4,33,86,16,1,1,0,10,32,0,0,0,0,0,0,0
4_22,"""The Wildebeest Implementation""",Mark Cendrowski,Chuck Lorre & Steven Molaro & Eric Kaplan,5/5/2011,8,31,37,23,12,30,0,36,43,0,0,0,0,0,0,0
4_23,"""The Engagement Reaction""",Howard Murray,Bill Prady & Eric Kaplan & Jim Reynolds,5/12/2011,8.2,35,39,36,49,25,0,25,0,0,0,0,0,0,0,0
4_24,"""The Roommate Transmogrification""",Mark Cendrowski,Chuck Lorre & Steven Molaro & Eddie Gorodetsky,5/19/2011,8.7,45,47,27,23,40,0,7,10,0,0,0,0,0,0,0
5_1,"""The Skank Reflex Analysis""",Mark Cendrowski,Eric Kaplan & Maria Ferrari & Anthony Del Broccolo,9/22/2011,8.2,33,28,43,13,37,0,6,18,0,0,0,0,0,0,0
5_2,"""The Infestation Hypothesis""",Mark Cendrowski,Bill Prady & Steven Molaro & Maria Ferrari,9/22/2011,8.2,50,53,31,20,12,0,0,23,0,0,0,0,0,0,0
5_3,"""The Pulled Groin Extrapolation""",Mark Cendrowski,Chuck Lorre & Eric Kaplan & Jim Reynolds,9/29/2011,7.9,41,23,18,34,1,0,25,47,0,0,0,0,0,0,0
5_4,"""The Wiggly Finger Catalyst""",Mark Cendrowski,Chuck Lorre & Dave Goetsch & Anthony Del Broccolo,10/6/2011,8,16,28,37,46,51,0,3,2,0,0,0,0,0,0,0
5_5,"""The Russian Rocket Reaction""",Mark Cendrowski,Bill Prady & Steven Molaro & Jim Reynolds,10/13/2011,8.2,50,54,10,34,6,0,35,9,18,0,0,0,0,0,14
5_6,"""The Rhinitis Revelation""",Howard Murray,Chuck Lorre & Eric Kaplan & Steve Holland,10/20/2011,7.8,29,60,10,8,6,0,0,5,0,0,0,0,0,0,0
5_7,"""The Good Guy Fluctuation""",Mark Cendrowski,Chuck Lorre & Dave Goetsch & Maria Ferrari,10/27/2011,8.7,71,44,24,10,9,0,7,0,5,0,0,0,0,0,0
5_8,"""The Isolation Permutation""",Mark Cendrowski,Chuck Lorre & Eric Kaplan & Tara Hernandez,11/3/2011,7.9,31,37,31,12,3,0,28,63,0,0,0,0,0,0,0
5_9,"""The Ornithophobia Diffusion""",Mark Cendrowski,Chuck Lorre & Dave Goetsch & Anthony Del Broccolo,11/10/2011,8.3,69,34,66,4,6,0,6,6,0,0,0,0,0,0,0
5_10,"""The Flaming Spittoon Acquisition""",Mark Cendrowski,Chuck Lorre & Steven Molaro & Dave Goetsch,11/17/2011,8.1,29,54,19,19,15,0,7,26,14,0,0,0,0,0,0
5_11,"""The Speckerman Recurrence""",Anthony Rich,Chuck Lorre & Bill Prady & Steve Holland,12/8/2011,7.5,71,50,36,6,9,0,17,16,0,0,0,0,0,0,0
5_12,"""The Shiny Trinket Maneuver""",Mark Cendrowski,Chuck Lorre & Steve Holland & Tara Hernandez,1/12/2012,7.9,23,43,22,45,8,0,26,12,0,0,0,0,0,0,0
5_13,"""The Recombination Hypothesis""",Mark Cendrowski,Chuck Lorre,1/19/2012,8.3,85,44,65,8,7,0,21,20,0,0,0,0,0,0,0
5_14,"""The Beta Test Initiation""",Mark Cendrowski,Chuck Lorre & Steven Molaro & Eric Kaplan,1/26/2012,8.4,35,28,34,10,27,0,4,14,0,0,0,0,0,0,0
5_15,"""The Friendship Contraction""",Mark Cendrowski,Chuck Lorre & Eric Kaplan & Jim Reynolds,2/2/2012,7.9,54,64,13,26,19,0,2,2,8,0,0,0,0,0,0
5_16,"""The Vacation Solution""",Mark Cendrowski,Chuck Lorre & Anthony Del Broccolo & Tara Hernandez,2/9/2012,7.8,30,70,16,30,14,0,15,33,0,0,0,0,0,0,0
5_17,"""The Rothman Disintegration""",Mark Cendrowski,Chuck Lorre & Bill Prady & Steve Holland,2/16/2012,8,26,49,42,13,15,0,10,36,0,0,0,0,0,0,0
5_18,"""The Werewolf Transformation""",Mark Cendrowski,Chuck Lorre & Todd Craig & Gary Torvinen,2/23/2012,8.4,36,53,23,22,5,0,17,8,0,0,0,0,0,0,0
5_19,"""The Weekend Vortex""",Mark Cendrowski,Chuck Lorre & Bill Prady & Tara Hernandez,3/8/2012,8.3,27,42,41,16,17,0,8,38,5,0,0,0,0,0,0
5_20,"""The Transporter Malfunction""",Mark Cendrowski,Chuck Lorre & Bill Prady & Maria Ferrari,3/29/2012,8.3,27,54,30,21,46,0,8,0,0,0,0,0,0,0,0
5_21,"""The Hawking Excitation""",Mark Cendrowski,Bill Prady & Steven Molaro & Steve Holland,4/5/2012,8.7,15,72,12,66,16,0,7,0,0,0,0,0,0,0,0
5_22,"""The Stag Convergence""",Peter Chakos,Billy Prady & Steve Holland & Eric Kaplan,4/26/2012,7.9,31,24,26,29,24,0,22,11,8,0,0,0,0,0,3
5_23,"""The Launch Acceleration""",Mark Cendrowski,Chuck Lorre & Steven Molaro & Jim Reynolds,5/3/2012,8.3,46,36,25,43,4,0,12,16,0,0,0,0,0,0,0
5_24,"""The Countdown Reflection""",Mark Cendrowski,Bill Prady & Eric Kaplan & Steve Holland,5/10/2012,8.6,20,20,12,51,13,0,30,15,0,0,0,0,0,0,0
6_1,"""The Date Night Variable""",Mark Cendrowski,Chuck Lorre & Eric Kaplan & Steve Holland,9/27/2012,7.8,32,27,22,29,49,0,11,24,21,0,0,0,0,0,0
6_2,"""The Decoupling Fluctuation""",Mark Cendrowski,Chuck Lorre & Jim Reynolds & Maria Ferrari,10/4/2012,7.8,30,65,42,19,7,0,27,25,13,0,0,0,0,0,0
6_3,"""The Higgs Boson Observation""",Mark Cendrowski,Steven Molaro & Dave Goetsch & Steve Holland,10/11/2012,8.1,33,35,37,20,5,0,18,21,0,0,0,0,0,0,0
6_4,"""The Re-Entry Minimization""",Mark Cendrowski,Bill Prady & Jim Reynolds & Anthony Del Broccolo,10/18/2012,8.4,30,46,27,41,19,0,12,17,10,0,0,0,0,0,0
6_5,"""The Holographic Excitation""",Mark Cendrowski,Chuck Lorre & Eric Kaplan & Jeremy Howe,10/25/2012,8.2,35,25,39,44,19,0,31,17,11,0,0,0,0,0,0
6_6,"""The Extract Obliteration""",Mark Cendrowski,Chuck Lorre & Bill Prady & Steve Holland,11/1/2012,8,45,48,37,17,18,0,12,15,0,0,0,0,0,0,0
6_7,"""The Habitation Configuration""",Mark Cendrowski,Chuck Lorre & Eric Kaplan & Jim Reynolds,11/8/2012,7.9,13,55,21,32,2,0,22,21,0,0,0,0,0,0,18
6_8,"""The 43 Peculiarity""",Mark Cendrowski,Chuck Lorre & Dave Goetsch & Anthony Del Broccolo,11/15/2012,8.6,56,26,24,53,51,0,0,0,0,0,0,0,0,0,0
6_9,"""The Parking Spot Escalation""",Peter Chakos,Chuck Lorre & Eric Kaplan & Adam Faberman,11/29/2012,8.4,24,53,16,36,14,0,28,31,0,0,0,0,0,0,0
6_10,"""The Fish Guts Displacement""",Mark Cendrowski,Chuck Lorre & Bill Prady & Tara Hernandez,12/6/2012,8.2,14,44,13,47,10,0,14,33,0,0,0,0,0,0,0
6_11,"""The Santa Simulation""",Mark Cendrowski,Chuck Lorre & Eric Kaplan & Steve Holland,12/13/2012,8,45,42,22,16,33,0,15,19,16,0,0,0,0,0,0
6_12,"""The Egg Salad Equivalency""",Mark Cendrowski,Chuck Lorre & Eric Kaplan & Jim Reynolds,1/3/2013,8.6,53,50,33,13,18,0,5,2,0,0,0,0,0,6,0
6_13,"""The Bakersfield Expedition""",Mark Cendrowski,Chuck Lorre & Jim Reynolds & Steve Holland,1/10/2013,8.5,37,36,37,16,21,0,21,28,9,0,0,0,0,0,0
6_14,"""The Cooper/Kripke Inversion""",Mark Cendrowski,Chuck Lorre & Eric Kaplan & Anthony Del Broccolo,1/31/2013,8,33,55,18,35,25,0,10,4,0,0,0,0,0,0,0
6_15,"""The Spoiler Alert Segmentation""",Mark Cendrowski,Chuck Lorre & Eric Kaplan and Steve Holland,2/7/2013,8.4,40,63,32,27,30,0,4,28,0,0,0,0,0,0,0
6_16,"""The Tangible Affection Proof""",Mark Cendrowski,Chuck Lorre & Bill Prady and Steve Holland,2/14/2013,8.1,51,28,46,20,16,0,12,15,10,0,0,0,0,0,0
6_17,"""The Monster Isolation""",Mark Cendrowski,Chuck Lorre & Dave Goetsch and Maria Ferrari,2/21/2013,7.8,17,39,19,18,28,0,6,13,1,0,0,0,0,0,0
6_18,"""The Contractual Obligation Implementation""",Mark Cendrowski,Chuck Lorre & Eric Kaplan and Steve Holland,3/7/2013,7.9,24,23,15,22,10,0,16,15,0,0,0,0,0,0,0
6_19,"""The Closet Reconfiguration""",Anthony Rich,Chuck Lorre & Jim Reynolds and Maria Ferrari,3/14/2013,8.2,30,46,27,48,14,0,46,17,0,0,0,0,0,0,0
6_20,"""The Tenure Turbulence""",Mark Cendrowski,Steven Molaro & Eric Kaplan and Maria Ferrari,4/4/2013,8.1,45,52,13,14,19,0,3,21,0,0,0,0,0,25,0
6_21,"""The Closure Alternative""",Mark Cendrowski,Chuck Lorre & Bill Prady and Tara Hernandez,4/25/2013,8.1,24,37,34,20,33,0,5,18,0,0,0,0,0,0,0
6_22,"""The Proton Resurgence""",Mark Cendrowski,Chuck Lorre & Jim Reynolds and Steve Holland,5/2/2013,8,34,47,20,26,14,0,19,0,0,0,0,0,0,0,0
6_23,"""The Love Spell Potential""",Anthony Rich,Chuck Lorre & Jim Reynolds and Maria Ferrari,5/9/2013,8.2,18,39,21,22,27,0,16,31,0,0,0,0,0,0,0
6_24,"""The Bon Voyage Reaction""",Mark Cendrowski,Steven Molaro & Steve Holland and Tara Hernandez,5/16/2013,7.9,42,34,48,14,47,0,5,11,0,0,0,0,0,0,0
7_1,"""The Hofstadter Insufficiency""",Mark Cendrowski,Chuck Lorre & Steven Molaro & Tara Hernandez,9/26/2013,8,14,58,47,15,28,0,20,21,0,0,0,0,0,0,0
7_2,"""The Deception Verification""",Mark Cendrowski,Chuck Lorre & Eric Kaplan & Jim Reynolds,9/26/2013,8.2,33,82,46,31,18,0,12,21,6,0,0,0,0,0,0
7_3,"""The Scavenger Vortex""",Mark Cendrowski,Dave Goetsch & Eric Kaplan & Steve Holland,10/3/2013,8.8,46,40,40,31,25,0,30,26,4,0,0,0,0,0,0
7_4,"""The Raiders Minimization""",Mark Cendrowski,Chuck Lorre & Jim Reynolds & Tara Hernandez,10/10/2013,8.1,47,32,26,18,24,0,7,21,17,0,0,0,0,0,0
7_5,"""The Workplace Proximity""",Mark Cendrowski,Steven Molaro & Steve Holland & Maria Ferrari,10/17/2013,7.9,17,62,16,26,13,0,18,40,0,0,0,0,0,0,0
7_6,"""The Romance Resonance""",Mark Cendrowski,Eric Kaplan & Jim Reynolds & Tara Hernandez,10/24/2013,8.5,40,47,39,27,18,0,9,25,0,0,0,0,0,0,0
7_7,"""The Proton Displacement""",Mark Cendrowski,Chuck Lorre & Maria Ferrari & Anthony Del Broccolo,11/7/2013,7.9,32,48,14,31,25,0,6,23,0,0,0,0,0,0,0
7_8,"""The Itchy Brain Simulation""",Mark Cendrowski,Steven Molaro & Bill Prady & Jim Reynolds,11/14/2013,7.7,47,38,39,13,23,0,15,12,0,0,0,0,0,0,0
7_9,"""The Thanksgiving Decoupling""",Mark Cendrowski,Eric Kaplan & Steve Holland & Maria Ferrari,11/21/2013,8.9,36,36,41,32,14,0,21,23,0,0,0,9,0,0,0
7_10,"""The Discovery Dissipation""",Mark Cendrowski,Eric Kaplan & Jim Reynolds & Maria Ferrari,12/5/2013,7.8,27,57,10,32,23,0,26,12,0,0,0,0,0,0,8
7_11,"""The Cooper Extraction""",Mark Cendrowski,Steven Molaro & Eric Kaplan & Maria Ferrari,12/12/2013,8.3,48,38,49,19,26,0,14,36,11,0,0,3,0,0,0
7_12,"""The Hesitation Ramification""",Mark Cendrowski,Dave Goetsch & Jim Reynolds & Tara Hernandez,1/2/2014,7.6,63,41,51,14,17,0,12,21,10,0,0,0,0,0,0
7_13,"""The Occupation Recalibration""",Mark Cendrowski,Eric Kaplan & Maria Ferrari & Tara Hernandez,1/9/2014,7.7,46,47,40,20,18,0,19,30,18,0,0,0,16,0,0
7_14,"""The Convention Conundrum""",Mark Cendrowski,Eric Kaplan & Jim Reynolds & Adam Faberman,1/30/2014,8.1,37,44,26,33,29,0,11,13,0,0,0,0,0,0,0
7_15,"""The Locomotive Manipulation""",Mark Cendrowski,Jim Reynolds & Steve Holland & Tara Hernandez,2/6/2014,8.4,33,51,32,15,15,0,12,36,0,0,0,0,0,0,0
7_16,"""The Table Polarization""",Gay Linvill,Steven Molaro & Maria Ferrari & Tara Hernandez,2/27/2014,7.8,43,44,31,44,33,0,24,16,0,0,0,0,0,0,0
7_17,"""The Friendship Turbulence""",Mark Cendrowski,Steven Molaro & Eric Kaplan & Tara Hernandez,3/6/2014,7.6,20,44,24,38,46,0,14,29,0,4,0,0,0,0,0
7_18,"""The Mommy Observation""",Mark Cendrowski,Jim Reynolds & Steve Holland & Maria Ferrari,3/13/2014,7.6,26,46,34,25,39,0,20,22,14,0,0,0,0,0,0
7_19,"""The Indecision Amalgamation""",Anthony Rich,Bill Prady & Eric Kaplan & Jim Reynolds,4/3/2014,8.3,34,48,35,6,29,0,18,38,0,12,0,0,0,0,7
7_20,"""The Relationship Diremption""",Mark Cendrowski,Steven Molaro & Bill Prady & Jim Reynolds,4/10/2014,8.2,26,55,24,44,26,0,14,8,0,16,0,0,0,0,0
7_21,"""The Anything Can Happen Recurrence""",Mark Cendrowski,Steven Molaro & Eric Kaplan & Adam Faberman,4/24/2014,7.7,32,45,48,16,23,0,6,15,0,5,0,0,0,0,0
7_22,"""The Proton Transmogrification""",Mark Cendrowski,Jim Reynolds & Maria Ferrari & Jeremy Howe,5/1/2014,7.8,45,50,42,16,16,0,11,17,0,0,0,0,0,0,0
7_23,"""The Gorilla Dissolution""",Peter Chakos,Chuck Lorre & Jim Reynolds & Jeremy Howe,5/8/2014,8,34,25,42,31,43,0,23,3,0,15,0,0,0,0,8
7_24,"""The Status Quo Combustion""",Mark Cendrowski,Eric Kaplan & Jim Reynolds & Jeremy Howe,5/15/2014,8.1,67,55,34,23,9,0,18,24,20,0,0,0,0,0,0
8_1,"""The Locomotion Interruption""",Mark Cendrowski,Jim Reynolds & Maria Ferrari & Tara Hernandez,9/22/2014,7.2,30,43,30,27,17,0,12,14,12,0,0,0,0,0,0
8_2,"""The Junior Professor Solution""",Mark Cendrowski,Steven Molaro & Eric Kaplan & Steve Holland,9/22/2014,7.7,23,66,21,37,14,0,19,31,0,0,0,0,0,0,0
8_3,"""The First Pitch Insufficiency""",Mark Cendrowski,Chuck Lorre & Jim Reynolds & Anthony Del Broccolo,9/24/2014,7.1,41,39,36,40,11,0,21,19,0,0,0,0,0,0,0
8_4,"""The Hook-Up Reverberation""",Mark Cendrowski,Steve Holland & Maria Ferrari & Tara Hernandez,10/6/2014,7.3,30,36,51,32,30,0,23,14,6,23,0,0,0,0,0
8_5,"""The Focus Attenuation""",Mark Cendrowski,Jim Reynolds & Maria Ferrari & Adam Faberman,10/13/2014,7.6,45,46,23,29,31,0,24,27,0,0,0,0,0,0,0
8_6,"""The Expedition Approximation""",Mark Cendrowski,Steven Molaro & Dave Goetsch & Tara Hernandez,10/20/2014,7.3,44,49,46,21,41,0,25,11,0,0,0,0,0,0,0
8_7,"""The Misinterpretation Agitation""",Mark Cendrowski,Chuck Lorre & Eric Kaplan & Jim Reynolds,10/30/2014,7.8,41,28,30,11,15,0,20,28,0,0,0,0,0,0,0
8_8,"""The Prom Equivalency""",Mark Cendrowski,Jim Reynolds & Steve Holland & Jeremy Howe,11/6/2014,8.1,36,35,38,30,13,0,22,24,7,7,0,0,0,0,0
8_9,"""The Septum Deviation""",Anthony Rich,Steven Molaro & Bill Prady and Maria Ferrari,11/13/2014,7.6,32,72,22,29,16,0,29,35,0,0,0,0,0,0,0
8_10,"""The Champagne Reflection""",Mark Cendrowski,Steven Molaro & Tara Hernandez and David Saltzberg & Ph.D,11/20/2014,7,29,36,25,21,18,0,30,17,0,0,0,0,0,0,0
8_11,"""The Clean Room Infiltration""",Mark Cendrowski,Maria Ferrari & Tara Hernandez & & Jeremy Howe,12/11/2014,7.5,38,34,23,42,29,0,14,21,0,0,0,0,0,0,0
8_12,"""The Space Probe Disintegration""",Mark Cendrowski,Bill Prady & Eric Kaplan & & Jim Reynolds,1/8/2015,7.4,49,54,31,29,34,0,5,20,0,0,0,0,0,0,0
8_13,"""The Anxiety Optimization""",Mark Cendrowski,Eric Kaplan & Maria Ferrari & Adam Faberman,1/29/2015,7.5,35,78,30,21,12,0,5,26,0,2,0,0,0,0,0
8_14,"""The Troll Manifestation""",Mark Cendrowski,Steven Molaro & Eric Kaplan & Tara Hernandez,2/5/2015,8.1,59,47,41,10,12,0,23,24,0,0,0,0,0,0,0
8_15,"""The Comic Book Store Regeneration""",Mark Cendrowski,Jim Reynolds & Maria Ferrari and Jeremy Howe,2/19/2015,8.2,30,56,42,20,24,0,15,26,12,0,0,0,0,0,0
8_16,"""The Intimacy Acceleration""",Mark Cendrowski,Dave Goetsch & Eric Kaplan and Tara Hernandez,2/26/2015,8,22,55,51,11,19,0,11,23,0,10,0,0,0,0,0
8_17,"""The Colonization Application""",Mark Cendrowski,Dave Goetsch & Jim Reynolds and Tara Hernandez,3/5/2015,7.7,35,39,30,20,32,0,9,34,0,17,0,0,0,0,0
8_18,"""The Leftover Thermalization""",Mark Cendrowski,Steven Molaro & Maria Ferrari and Jeremy Howe,3/12/2015,7.5,42,61,24,30,15,0,20,31,9,0,0,0,0,0,0
8_19,"""The Skywalker Incursion""",Mark Cendrowski,Jim Reynolds & Tara Hernandez & Jeremy Howe,4/2/2015,7.7,50,61,15,23,11,0,22,15,0,0,0,0,0,0,0
8_20,"""The Fortification Implementation""",Mark Cendrowski,Jim Reynolds & Saladin Patterson & Tara Hernandez,4/9/2015,7.6,41,35,29,29,23,0,11,27,0,0,0,0,0,0,23
8_21,"""The Communication Deterioration""",Mark Cendrowski,Dave Goetsch & Steve Holland & Jeremy Howe & Tara Hernandez,4/16/2015,7.2,46,47,29,36,45,0,18,2,0,0,0,0,0,0,0
8_22,"""The Graduation Transmission""",Anthony Rich,Chuck Lorre & Dave Goetsch & Anthony Del Broccolo,4/23/2015,7.4,31,40,28,46,37,0,8,3,0,0,0,0,0,0,0
8_23,"""The Maternal Combustion""",Anthony Rich,Steven Molaro & Tara Hernandez & Jeremy Howe,4/30/2015,7.6,39,35,26,9,7,0,6,5,7,0,0,0,0,0,0
8_24,"""The Commitment Determination""",Mark Cendrowski,Chuck Lorre & Jim Reynolds & Maria Ferrari,5/7/2015,8.1,54,49,67,20,20,0,19,16,10,10,0,0,0,0,0
9_1,"""The Matrimonial Momentum""",Mark Cendrowski,Chuck Lorre & Jim Reynolds & Maria Ferrari,9/21/2015,6.8,59,61,61,9,5,0,12,24,8,0,0,0,0,0,0
9_2,"""The Separation Oscillation""",Mark Cendrowski,Steven Molaro & Steve Holland & Tara Hernandez,9/28/2015,7.5,57,43,34,16,14,0,9,21,0,0,0,0,0,0,0
9_3,"""The Bachelor Party Corrosion""",Mark Cendrowski,Dave Goetsch & Jim Reynolds & Jeremy Howe,10/5/2015,7.8,30,42,53,29,23,0,24,26,0,0,0,0,0,0,0
9_4,"""The 2003 Approximation""",Mark Cendrowski,Chuck Lorre & Steve Holland & Eric Kaplan,10/12/2015,7.5,22,44,23,26,33,0,12,7,12,5,0,0,0,0,0
9_5,"""The Perspiration Implementation""",Mark Cendrowski,Chuck Lorre & Eric Kaplan & Maria Ferrari,10/19/2015,7.6,35,53,16,22,13,0,15,21,16,0,0,0,0,0,0
9_6,"""The Helium Insufficiency""",Mark Cendrowski,Steve Holland & Maria Ferrari & Anthony Del Broccolo,10/26/2015,7.3,66,72,21,11,12,0,16,12,10,0,0,0,0,0,0
9_7,"""The Spock Resonance""",Nikki Lorre,Chuck Lorre & Jim Reynolds & Tara Hernandez,11/5/2015,8.1,27,42,28,33,15,0,25,0,0,0,0,0,0,0,6
9_8,"""The Mystery Date Observation""",Mark Cendrowski,Steven Molaro & Eric Kaplan & Jim Reynolds,11/12/2015,8.1,24,37,36,23,22,0,23,33,0,0,0,0,0,0,0
9_9,"""The Platonic Permutation""",Mark Cendrowski,Jim Reynolds & Jeremy Howe & Tara Hernandez,11/19/2015,8,35,46,34,30,15,0,12,40,0,5,0,0,0,0,0
9_10,"""The Earworm Reverberation""",Mark Cendrowski,Eric Kaplan & Jim Reynolds & Saladin Patterson,12/10/2015,8.4,25,33,19,28,27,0,12,29,0,0,0,0,0,0,0
9_11,"""The Opening Night Excitation""",Mark Cendrowski,Steven Molaro & Eric Kaplan & Tara Hernandez,12/17/2015,9.1,22,66,23,14,15,0,15,31,2,0,0,0,0,0,9
9_12,"""The Sales Call Sublimation""",Mark Cendrowski,Steve Holland & Jim Reynolds & Saladin K. Patterson,1/7/2016,7.5,29,53,28,29,33,0,23,9,14,0,0,0,0,0,0
9_13,"""The Empathy Optimization""",Mark Cendrowski,Chuck Lorre & Eric Kaplan & Dave Geotsch,1/14/2016,7.5,35,77,25,14,21,0,11,15,9,17,0,0,0,0,0
9_14,"""The Meemaw Materialization""",Mark Cendrowski,Chuck Lorre & Jim Reynolds & Maria Ferrari,2/4/2016,7.6,17,49,18,22,38,0,12,31,0,0,0,0,0,0,0
9_15,"""The Valentino Submergence""",Mark Cendrowski,Steve Molaro & Jim Reynolds & Tara Hernandez,2/11/2016,7.6,40,32,35,29,21,0,20,31,0,2,0,0,0,0,0
9_16,"""The Positive Negative Reaction""",Mark Cendrowski,Eric Kaplan & Jim Reynolds & Saladin Patterson,2/18/2016,7.5,34,29,26,45,20,0,38,19,0,0,0,0,0,0,0
9_17,"""The Celebration Experimentation""",Mark Cendrowski,Chuck Lorre & Eric Kaplan & Jeremy Howe,2/25/2016,7.5,34,43,24,8,9,5,5,26,7,0,0,0,0,0,1
9_18,"""The Application Deterioration""",Mark Cendrowski,Steven Molaro & Eric Kaplan & Adam Faberman,3/10/2016,7.6,25,37,22,40,40,0,24,16,0,8,0,0,0,0,0
9_19,"""The Solder Excursion Diversion""",Mark Cendrowski,Bill Prady & Eric Kaplan & Maria Ferrari,3/31/2016,7.5,31,64,29,23,15,0,16,61,0,0,0,0,0,0,0
9_20,"""The Big Bear Precipitation""",Mark Cendrowski,Chuck Lorre & Dave Goetsch & Tara Hernandez,4/7/2016,7.5,47,42,49,36,17,0,28,24,0,0,0,0,0,0,0
9_21,"""The Viewing Party Combustion""",Mark Cendrowski,Eric Kaplan & Maria Ferrari & Jeremy Howe,4/21/2016,7.6,59,47,26,34,30,0,7,18,15,0,0,0,0,0,0
9_22,"""The Fermentation Bifurcation""",Nikki Lorre,Steven Molaro & Jim Reynolds & Anthony Del Broccolo,4/28/2016,7.6,47,52,28,32,29,0,30,22,0,0,0,22,0,0,0
9_23,"""The Line Substitution Solution""",Anthony Rich,Steve Holland & Saladin K. Patterson & Tara Hernandez,5/5/2016,7.5,31,62,47,13,8,0,9,17,20,0,0,0,0,0,0
9_24,"""The Convergence Convergence""",Mark Cendrowski,Steven Molaro & Tara Hernandez & Adam Faberman,5/12/2016,7.8,46,26,42,22,18,0,11,19,0,0,33,0,0,0,0
10_1,"""The Conjugal Conjecture""",Mark Cendrowski,Chuck Lorre & Steve Holland & Tara Hernandez,9/19/2016,7.8,31,43,26,15,20,0,12,8,6,0,15,0,0,0,0
10_2,"""The Military Miniaturization""",Mark Cendrowski,Chuck Lorre & Eric Kaplan & Jim Reynolds,9/26/2016,7.5,33,41,38,33,16,0,37,19,0,0,0,0,0,0,0
10_3,"""The Dependence Transcendence""",Mark Cendrowski,Steven Molaro & Saladin K. Patterson & Tara Hernandez,10/3/2016,7.4,38,46,22,25,33,0,30,16,0,0,0,0,14,0,0
10_4,"""The Cohabitation Experimentation""",Mark Cendrowski,Chuck Lorre & Dave Goetsch & Maria Ferrari,10/10/2016,8.1,33,64,42,16,12,0,15,60,0,0,0,0,0,0,0
10_5,"""The Hot Tub Contamination""",Mark Cendrowski,Chuck Lorre & Maria Ferrari & Tara Hernandez,10/17/2016,7.5,32,39,47,27,21,0,24,26,21,0,0,0,0,0,0
10_6,"""The Fetal Kick Catalyst""",Mark Cendrowski,Steve Holland & Tara Hernandez & Jeremy Howe,10/27/2016,7.5,36,32,42,27,11,0,21,22,18,0,0,0,10,0,0
10_7,"""The Veracity Elasticity""",Mark Cendrowski,Steven Molaro & Eric Kaplan & Maria Ferrari,11/3/2016,8.1,47,74,36,17,10,0,5,54,0,0,0,0,0,0,0
10_8,"""The Brain Bowl Incubation""",Mark Cendrowski,Chuck Lorre & Steve Holland & Saladin K. Patterson,11/10/2016,8.2,10,43,12,9,54,0,7,41,0,0,0,0,0,0,0
10_9,"""The Geology Elevation""",Mark Cendrowski,Chuck Lorre & Erik Kaplan & Maria Ferrari,11/17/2016,7.5,40,57,18,29,15,0,11,19,0,0,0,0,16,0,0
10_10,"""The Property Division Collision""",Mark Cendrowski,Steve Holland & Bill Prady & Steve Goetsch,12/1/2016,7.5,44,50,25,15,21,0,23,22,36,0,0,0,0,0,0
10_11,"""The Birthday Synchronicity""",Nikki Lorre,Chuck Lorre & Steve Holland & Maria Ferrari,12/15/2016,7.6,17,38,26,31,30,0,20,45,17,0,0,0,0,0,0
10_12,"""The Holiday Summation""",Mark Cendrowski,Steven Molaro & Eric Kaplan & Tara Hernandez,1/5/2017,7.4,33,49,40,24,8,0,29,35,4,0,13,0,0,0,0
10_13,"""The Romance Recalibration""",Mark Cendrowski,Chuck Lorre & Dave Goetsch & Anthony Del Broccolo,1/19/2017,7,54,44,42,18,15,0,6,23,0,0,0,0,0,0,0
10_14,"""The Emotion Detection Automation""",Mark Cendrowski,Chuck Lorre & Steven Molaro & Eric Kaplan,2/2/2017,7.3,44,56,30,36,50,0,10,22,0,6,0,0,0,0,0
10_15,"""The Locomotion Reverberation""",Mark Cendrowski,Chuck Lorre & Steve Holland & Jim Reynolds,2/9/2017,7.3,41,34,21,34,21,0,24,27,11,0,0,0,0,0,0
10_16,"""The Allowance Evaporation""",Mark Cendrowski,Eric Kaplan & Maria Ferrari & Jeremy Howe,2/16/2017,7.2,25,50,22,19,37,0,10,39,0,0,0,0,16,0,0
10_17,"""The Comic-Con Conundrum""",Mark Cendrowski,Eric Kaplan & Saladin K. Patterson & Tara Hernandez,2/23/2017,7.6,42,47,41,32,32,0,25,26,10,0,0,0,0,0,0
10_18,"""The Escape Hatch Identification""",Mark Cendrowski,Steven Molaro & Eric Kaplan & Anthony Del Broccolo,3/9/2017,7.2,33,46,31,22,40,0,12,29,14,0,0,0,0,0,0
10_19,"""The Collaboration Fluctuation""",Mark Cendrowski,Chuck Lorre & Tara Hernandez & Giuseppe Graziano,3/30/2017,7.1,33,45,28,10,33,0,9,38,0,0,0,0,0,0,0
10_20,"""The Recollection Dissipation""",Mark Cendrowski,Eric Kaplan & Tara Hernandez & Jeremy Howe,4/6/2017,7.2,22,59,22,36,17,0,30,21,23,0,0,0,0,0,0
10_21,"""The Separation Agitation""",Mark Cendrowski,Steven Molaro & Jim Reynolds & Maria Ferrari,4/13/2017,7.3,22,43,14,28,18,0,20,23,18,0,0,0,25,0,0
10_22,"""The Cognition Regeneration""",Mark Cendrowski,Steve Holland & Tara Hernandez & Jeremy Howe,4/27/2017,6.8,45,47,42,34,18,0,22,25,0,0,0,18,0,0,0
10_23,"""The Gyroscopic Collapse""",Anthony Rich,Chuck Lorre & Steve Holland & Alex Ayers,5/4/2017,7.2,27,55,29,24,17,0,26,53,0,0,0,0,0,0,0
10_24,"""The Long Distance Dissonance""",Mark Cendrowski,Steven Molaro & Eric Kaplan & Jim Reynolds,5/11/2017,8.6,23,59,32,14,25,0,16,30,4,0,0,0,0,0,0
